"","building_code","file_name","total_people_pictured","men_count_final","women_count_final","ambig_count_final"
"1",1,"IMG_3901","3",0,4,0
"2",1,"IMG_3901","2",0,1,1
"3",1,"IMG_3901","3",2,0,1
"4",1,"IMG_3901","3",1,1,0
"5",1,"IMG_3901","1",1,0,0
"6",1,"IMG_3901","3",0,3,0
"7",1,"IMG_3901","3",1,0,0
"8",1,"IMG_3901","1",0,1,0
"9",1,"IMG_3901","1",0,1,0
"10",1,"IMG_3901","1",1,0,0
"11",1,"IMG_3901","1",0,1,0
"12",1,"IMG_3901","1",1,0,0
"13",1,"IMG_3901","4",1,3,0
"14",1,"IMG_3901","1",1,0,0
"15",1,"IMG_3901","1",0,1,0
"16",1,"IMG_3901","1",1,0,0
"17",1,"IMG_3901","1",1,0,0
"18",1,"IMG_3901","1",1,0,0
"19",1,"IMG_3901","1",0,1,0
"20",1,"IMG_3901","1",0,1,0
"21",1,"IMIG_3901","1",0,1,0
"22",1,"IMG_3901","1",1,0,0
"23",1,"IMG_3901","4",0,4,0
"24",1,"IMG_3901","1",0,1,0
"25",1,"IMG_3901","1",0,0,1
"26",1,"IMG_3901","2",2,0,0
"27",1,"IMG_3901","2",1,1,0
"28",1,"IMG_3901","2",1,1,0
"29",1,"IMG_3901","2",2,0,0
"30",1,"IMG_3902","1",0,1,0
"31",1,"IMG_3915","1",0,1,0
"32",1,"IMG_3917","1",0,2,0
"33",1,"IMG_3917","2",1,1,0
"34",1,"IMG_3917","2",0,2,0
"35",1,"IMG_3917","4",0,4,0
"36",1,"IMG_3917","2",2,0,0
"37",1,"IMG_3918","1",1,0,0
"38",1,"IMG_3922","1",1,0,0
"39",1,"IMG_3924","1",1,0,0
"40",1,"IMG_3925","1",1,0,0
"41",1,"IMG_3926","1",1,0,0
"42",1,"IMG_3939","1",1,0,0
"43",1,"IMG_3948","8",5,3,0
"44",1,"IMG_3977","1",1,0,0
"45",1,"IMG_3977","1",1,0,0
"46",1,"IMG_3977","1",0,1,0
"47",1,"IMG_3977","1",1,0,0
"48",1,"IMG_3978","2",1,0,0
"49",1,"IMG_3978","2",0,1,0
"50",1,"IMG_3979","2",0,1,0
"51",1,"IMG_3979","1",1,0,0
"52",1,"IMG_3980","1",1,0,0
"53",1,"IMG_3981","7",7,0,0
"54",1,"IMG_3982","1",1,0,0
"55",1,"IMG_3983","1",1,0,0
"56",1,"IMG_3984","1",1,0,0
"57",1,"IMG_3985","6",4,2,0
"58",1,"IMG_3985","~41",28,10,4
"59",1,"IMG_3988","1",1,0,0
"60",1,"IMG_3989","4",3,1,0
"61",1,"IMG_3991","1",1,0,0
"62",1,"IMG_3996","1",0,1,0
"63",1,"IMG_3996","1",1,0,0
"64",1,"IMG_3996","1",1,0,0
"65",1,"IMG_3996","1",1,0,0
"66",1,"IMG_3996","1",1,0,0
"67",1,"IMG_3996","1",0,1,0
"68",1,"IMG_3996","1",0,1,0
"69",1,"IMG_3996","1",1,0,0
"70",1,"IMG_3996","1",0,1,0
"71",1,"IMG_3996","1",1,0,0
"72",1,"IMG_3996","1",1,0,0
"73",1,"IMG_3996","1",0,1,0
"74",1,"IMG_3996","1",1,0,0
"75",1,"IMG_3996","1",0,1,0
"76",1,"IMG_3996","1",0,1,0
"77",1,"IMG_3996","1",1,0,0
"78",1,"IMG_3996","1",0,1,0
"79",1,"IMG_3996","1",1,0,0
"80",1,"IMG_3996","1",1,0,0
"81",1,"IMG_4001","1",1,0,0
"82",1,"IMG_4002","1",1,0,0
"83",1,"IMG_4003","1",1,0,0
"84",1,"IMG_4004","3",2,1,0
"85",1,"IMG_4006","1",1,0,0
"86",1,"IMG_4007","7",6,1,0
"87",1,"IMG_4010","~74",45,25,4
"88",1,"IMG_4012","1",0,1,0
"89",1,"IMG_4012","1",1,0,0
"90",1,"IMG_4012","1",1,0,0
"91",1,"IMG_4012","1",1,0,0
"92",1,"IMG_4012","1",1,0,0
"93",1,"IMG_4012","1",1,0,0
"94",1,"IMG_4012","1",1,0,0
"95",1,"IMG_4012","1",1,0,0
"96",1,"IMG_4012","1",1,0,0
"97",1,"IMG_4013","1",1,0,0
"98",1,"IMG_4013","1",1,0,0
"99",1,"IMG_4013","1",1,0,0
"100",1,"IMG_4013","1",0,1,0
"101",1,"IMG_4013","1",1,0,0
"102",1,"IMG_4014","1",1,0,0
"103",1,"IMG_4014","1",1,0,0
"104",1,"IMG_4014","1",1,0,0
"105",1,"IMG_4014","1",1,0,0
"106",1,"IMG_4014","1",1,0,0
"107",1,"IMG_4014","1",1,0,0
"108",1,"IMG_4014","1",1,0,0
"109",1,"IMG_4014","1",1,0,0
"110",1,"IMG_4014","1",1,0,0
"111",1,"IMG_4016","1",1,0,0
"112",1,"IMG_4016","1",1,0,0
"113",1,"IMG_4016","1",1,0,0
"114",1,"IMG_4016","1",0,1,0
"115",1,"IMG_4017","1",1,0,0
"116",1,"IMG_4017","1",1,0,0
"117",1,"IMG_4018","1",1,0,0
"118",1,"IMG_4018","1",1,0,0
"119",1,"IMG_4019","1",1,0,0
"120",1,"IMG_4019","1",0,1,0
"121",1,"IMG_4019","5",3,2,0
"122",1,"IMG_4019","2",1,1,0
"123",1,"IMG_4020","3",3,0,0
"124",1,"IMG_4020","3",3,0,0
"125",1,"IMG_4020","4",2,2,0
"126",1,"IMG_4020","2",2,0,0
"127",1,"IMG_4020","2",0,2,0
"128",1,"IMG_4021","1",1,0,0
"129",1,"IMG_4021","2",2,0,0
"130",1,"IMG_4022","5",3,2,0
"131",1,"IMG_4022","1",0,1,0
"132",1,"IMG_4022","1",0,1,0
"133",1,"IMG_4022","1",0,1,0
"134",1,"IMG_4023","4",3,1,0
"135",1,"IMG_4023","3",3,0,0
"136",1,"IMG_4023","1",0,1,0
"137",1,"IMG_4024","2",2,0,0
"138",1,"IMG_4025","1",1,0,0
"139",1,"IMG_4026","5",4,1,0
"140",1,"IMG_4027","3",3,0,0
"141",1,"IMG_4027","2",2,0,0
"142",1,"IMG_4028","10",3,2,5
"143",1,"IMG_4028","1",1,0,0
"144",1,"IMG_4029","1",1,0,0
"145",1,"IMG_4029","4",4,0,0
"146",1,"IMG_4030","1",1,0,0
"147",1,"IMG_4030","1",1,0,0
"148",1,"IMG_4031","10",8,2,0
"149",1,"IMG_4031","10",9,1,0
"150",1,"IMG_4032","1",0,1,0
"151",1,"IMG_4035","5",3,0,2
"152",1,"IMG_4036","6",3,1,2
"153",1,"IMG_4050","1",1,0,0
"154",1,"IMG_4050","1",1,0,0
"155",1,"IMG_4050","1",1,0,0
"156",1,"IMG_4050","1",1,0,0
"157",1,"IMG_4050","1",1,0,0
"158",1,"IMG_4050","1",0,1,0
"159",1,"IMG_4050","1",0,1,0
"160",1,"IMG_4050","1",1,0,0
"161",1,"IMG_4050","1",1,0,0
"162",1,"IMG_4050","1",1,0,0
"163",1,"IMG_4050","1",1,0,0
"164",1,"IMG_4050","1",1,0,0
"165",1,"IMG_4050","1",1,0,0
"166",1,"IMG_4050","1",0,1,0
"167",1,"IMG_4050","1",0,1,0
"168",1,"IMG_4051","1",1,0,0
"169",1,"IMG_4051","1",1,0,0
"170",1,"IMG_4052","1",1,0,0
"171",1,"IMG_4052","1",1,0,0
"172",1,"IMG_4052","1",0,1,0
"173",1,"IMG_4052","1",0,1,0
"174",1,"IMG_4052","1",0,1,0
"175",1,"IMG_4052","1",1,0,0
"176",1,"IMG_4052","1",1,0,0
"177",1,"IMG_4052","1",0,1,0
"178",1,"IMG_4052","1",1,0,0
"179",1,"IMG_4052","1",1,0,0
"180",1,"IMG_4052","1",1,0,0
"181",1,"IMG_4052","1",1,0,0
"182",1,"IMG_4053","1",1,0,0
"183",1,"IMG_4053","1",1,0,0
"184",1,"IMG_4053","1",0,1,0
"185",1,"IMG_4054","1",1,0,0
"186",1,"IMG_4054","1",1,0,0
"187",1,"IMG_4054","1",1,0,0
"188",1,"IMG_4054","1",0,1,0
"189",1,"IMG_4054","1",0,1,0
"190",1,"IMG_4054","1",1,0,0
"191",1,"IMG_4054","1",1,0,0
"192",1,"IMG_4054","1",1,0,0
"193",1,"IMG_4054","1",0,1,0
"194",1,"IMG_4054","1",1,0,0
"195",1,"IMG_4054","1",1,0,0
"196",1,"IMG_4055","1",1,0,0
"197",1,"IMG_4055","1",1,0,0
"198",1,"IMG_4055","1",1,0,0
"199",1,"IMG_4055","1",1,0,0
"200",1,"IMG_4055","1",1,0,0
"201",1,"IMG_4055","1",1,0,0
"202",1,"IMG_4055","1",1,0,0
"203",1,"IMG_4055","1",1,0,0
"204",1,"IMG_4055","1",1,0,0
"205",1,"IMG_4055","1",0,1,0
"206",1,"IMG_4055","1",1,0,0
"207",1,"IMG_4055","1",1,0,0
"208",1,"IMG_4056","1",0,1,0
"209",1,"IMG_4056","1",1,0,0
"210",1,"IMG_4056","1",1,0,0
"211",1,"IMG_4056","1",1,0,0
"212",1,"IMG_4056","1",0,1,0
"213",1,"IMG_4056","1",1,0,0
"214",1,"IMG_4056","1",1,0,0
"215",1,"IMG_4056","1",1,0,0
"216",1,"IMG_4056","1",1,0,0
"217",1,"IMG_4056","1",1,0,0
"218",1,"IMG_4056","1",0,1,0
"219",1,"IMG_4056","1",1,0,0
"220",1,"IMG_4056","1",0,1,0
"221",1,"IMG_4056","1",1,0,0
"222",1,"IMG_4057","1",1,0,0
"223",1,"IMG_4057","1",0,1,0
"224",1,"IMG_4057","1",1,0,0
"225",1,"IMG_4057","1",1,0,0
"226",1,"IMG_4057","1",0,1,0
"227",1,"IMG_4057","1",0,1,0
"228",1,"IMG_4057","1",1,0,0
"229",1,"IMG_4057","1",1,0,0
"230",1,"IMG_4057","1",1,0,0
"231",1,"IMG_4057","1",0,1,0
"232",1,"IMG_4059","1",1,0,0
"233",1,"IMG_4059","1",1,0,0
"234",1,"IMG_4059","1",1,0,0
"235",1,"IMG_4059","1",1,0,0
"236",1,"IMG_4059","1",1,0,0
"237",1,"IMG_4059","1",1,0,0
"238",1,"IMG_4059","1",1,0,0
"239",1,"IMG_4059","1",1,0,0
"240",1,"IMG_4059","1",0,1,0
"241",1,"IMG_4059","1",1,0,0
"242",1,"IMG_4059","1",1,0,0
"243",1,"IMG_4059","1",1,0,0
"244",1,"IMG_4060","1",1,0,0
"245",1,"IMG_4060","1",1,0,0
"246",1,"IMG_4060","1",1,0,0
"247",1,"IMG_4060","1",1,0,0
"248",1,"IMG_4060","1",1,0,0
"249",1,"IMG_4060","1",1,0,0
"250",1,"IMG_4060","1",0,1,0
"251",1,"IMG_4060","1",0,1,0
"252",1,"IMG_4060","1",1,0,0
"253",1,"IMG_4060","1",0,1,0
"254",1,"IMG_4060","1",0,1,0
"255",1,"IMG_4060","1",0,1,0
"256",1,"IMG_4060","1",0,1,0
"257",1,"IMG_4060","1",1,0,0
"258",1,"IMG_4060","1",1,0,0
"259",1,"IMG_4062","1",1,0,0
"260",1,"IMG_4062","1",1,0,0
"261",1,"IMG_4062","1",1,0,0
"262",1,"IMG_4062","1",1,0,0
"263",1,"IMG_4062","1",1,0,0
"264",1,"IMG_4062","1",0,1,0
"265",1,"IMG_4062","1",1,0,0
"266",1,"IMG_4062","1",1,0,0
"267",1,"IMG_4062","1",0,1,0
"268",1,"IMG_4062","1",1,0,0
"269",1,"IMG_4062","1",1,0,0
"270",1,"IMG_4062","1",0,1,0
"271",1,"IMG_4062","1",1,0,0
"272",1,"IMG_4062","1",1,0,0
"273",1,"IMG_4063","1",0,0,1
"274",1,"IMG_4063","1",1,0,0
"275",1,"IMG_4063","1",1,0,0
"276",1,"IMG_4063","1",1,0,0
"277",1,"IMG_4063","1",1,0,0
"278",1,"IMG_4063","1",1,0,0
"279",1,"IMG_4063","1",0,1,0
"280",1,"IMG_4063","1",1,0,0
"281",1,"IMG_4063","1",1,0,0
"282",1,"IMG_4063","1",1,0,0
"283",1,"IMG_4063","1",1,0,0
"284",1,"IMG_4063","1",0,1,0
"285",1,"IMG_4064","1",1,0,0
"286",1,"IMG_4064","1",1,0,0
"287",1,"IMG_4064","1",1,0,0
"288",1,"IMG_4064","1",1,0,0
"289",1,"IMG_4064","1",1,0,0
"290",1,"IMG_4064","1",0,1,0
"291",1,"IMG_4064","1",1,0,0
"292",1,"IMG_4064","1",1,0,0
"293",1,"IMG_4064","1",1,0,0
"294",1,"IMG_4064","1",1,0,0
"295",1,"IMG_4064","1",0,1,0
"296",1,"IMG_4064","1",1,0,0
"297",1,"IMG_4064","1",1,0,0
"298",1,"IMG_4064","1",0,1,0
"299",1,"IMG_4065","1",0,1,0
"300",1,"IMG_4065","1",1,0,0
"301",1,"IMG_4065","1",1,0,0
"302",1,"IMG_4065","1",1,0,0
"303",1,"IMG_4065","1",1,0,0
"304",1,"IMG_4065","1",1,0,0
"305",1,"IMG_4065","1",1,0,0
"306",1,"IMG_4065","1",1,0,0
"307",1,"IMG_4065","1",0,1,0
"308",1,"IMG_4065","1",1,0,0
"309",1,"IMG_4065","1",0,1,0
"310",1,"IMG_4065","1",0,1,0
"311",1,"IMG_4066","1",1,0,0
"312",1,"IMG_4066","1",1,0,0
"313",1,"IMG_4066","1",1,0,0
"314",1,"IMG_4066","1",1,0,0
"315",1,"IMG_4066","1",0,1,0
"316",1,"IMG_4066","1",1,0,0
"317",1,"IMG_4066","1",1,0,0
"318",1,"IMG_4066","1",1,0,0
"319",1,"IMG_4067","1",0,1,0
"320",1,"IMG_4067","1",0,1,0
"321",1,"IMG_4067","1",1,0,0
"322",1,"IMG_4067","1",0,1,0
"323",1,"IMG_4067","1",1,0,0
"324",1,"IMG_4067","1",1,0,0
"325",1,"IMG_4067","1",1,0,0
"326",1,"IMG_4069","1",0,1,0
"327",1,"IMG_4071","1",1,0,0
"328",1,"IMG_4072","1",1,0,0
"329",1,"IMG_4073","1",1,0,0
"330",1,"IMG_4074","1",1,0,0
"331",1,"IMG_4075","1",1,0,0
"332",1,"IMG_4076","1",1,0,0
"333",1,"IMG_4077","1",1,0,0
"334",1,"IMG_4078","1",1,0,0
"335",1,"IMG_4079","1",1,0,0
"336",1,"IMG_4080","1",1,0,0
"337",1,"IMG_4081","1",1,0,0
"338",1,"IMG_4082","1",0,1,0
"339",1,"IMG_4093","1",0,1,0
"340",1,"IMG_4093","2",2,0,0
"341",1,"IMG_4093","1",1,0,0
"342",1,"IMG_4093","1",1,0,0
"343",1,"IMG_4094","1",0,1,0
"344",1,"IMG_4094","1",1,0,0
"345",1,"IMG_4094","1",1,0,0
"346",1,"IMG_4095","3",3,0,0
"347",1,"IMG_4096","1",1,0,0
"348",1,"IMG_4097","2",2,0,0
"349",1,"IMG_4099","1",1,0,0
"350",1,"IMG_4100","2",0,2,0
"351",1,"IMG_4101","35",25,10,0
"352",1,"IMG_4101","1",0,1,0
"353",1,"IMG_4102","12",9,3,0
"354",1,"IMG_4102","13",12,1,0
"355",1,"IMG_4102","1",1,0,0
"356",1,"IMG_4103","17",11,6,0
"357",1,"IMG_4103","1",1,0,0
"358",1,"IMG_4104","20",14,6,0
"359",1,"IMG_4104","14",9,5,0
"360",1,"IMG_4104","1",1,0,0
"361",1,"IMG_4105","14",6,8,0
"362",1,"IMG_4105","1",1,0,0
"363",1,"IMG_4106","2",2,0,0
"364",1,"IMG_4106","3",1,1,1
"365",1,"IMG_4106","1",0,1,0
"366",1,"IMG_4107","1",1,0,0
"367",1,"IMG_4131","5",4,1,0
"368",1,"IMG_4134","1",0,1,0
"369",1,"IMG_4156","1",1,0,0
"370",14,"IMG_2983","2",1,1,0
"371",14,"IMG_2990","4",2,2,0
"372",14,"IMG_2990","3",1,2,0
"373",14,"IMG_2991","4",2,2,0
"374",14,"IMG_2991","7",5,2,0
"375",14,"IMG_2991","4",2,2,0
"376",14,"IMG_3001","1",1,0,0
"377",14,"IMG_3005","2",2,0,0
"378",14,"IMG_3005","5",4,1,0
"379",14,"IMG_3006","1",1,0,0
"380",14,"IMG_3007","2",2,0,0
"381",14,"IMG_3011","1",1,0,0
"382",14,"IMG_3015","2",2,0,0
"383",14,"IMG_3016","2",1,1,0
"384",14,"IMG_3021","1",1,0,0
"385",14,"IMG_3021","3",2,1,0
"386",14,"IMG_3022","1",1,0,0
"387",14,"IMG_3024","4",3,1,0
"388",14,"IMG_3026","1",1,0,0
"389",14,"IMG_3026","3",2,1,0
"390",14,"IMG_3027","1",0,1,0
"391",14,"IMG_3030","3",2,1,0
"392",14,"IMG_3030","1",0,1,0
"393",14,"IMG_3030","5",4,1,0
"394",14,"IMG_3032","~13",2,6,5
"395",14,"IMG_3053","1",1,0,0
"396",14,"IMG_3053","1",1,0,0
"397",14,"IMG_3053","1",1,0,0
"398",14,"IMG_3053","1",0,1,0
"399",14,"IMG_3053","2",1,1,0
"400",14,"IMG_3053","1",1,0,0
"401",14,"IMG_3053","1",1,0,0
"402",14,"IMG_3053","1",1,0,0
"403",14,"IMG_3055","1",1,0,0
"404",14,"IMG_3056","6",3,3,0
"405",14,"IMG_3056","2",2,0,0
"406",14,"IMG_3056","1",0,1,0
"407",14,"IMG_3058","1",0,1,0
"408",14,"IMG_3058","1",1,0,0
"409",14,"IMG_3073","3",2,1,0
"410",14,"IMG_3076","1",0,1,0
"411",14,"IMG_3089","1",1,0,0
"412",14,"IMG_3092","2",2,0,0
"413",14,"IMG_3095","4",4,0,0
"414",14,"IMG_3097","1",0,1,0
"415",14,"IMG_3099","1",0,1,0
"416",14,"IMG_3103","14",11,3,0
"417",14,"IMG_3110","1",0,1,0
"418",2,"IMG_0059","1",1,2,0
"419",2,"IMG_0059","1",0,1,0
"420",2,"IMG_0059","1",0,1,0
"421",2,"IMG_0062","1",0,1,0
"422",2,"IMG_0062","1",1,0,0
"423",2,"IMG_0009","1",0,1,0
"424",2,"IMG_0010","4",0,1,3
"425",2,"IMG_0010","2",2,0,0
"426",2,"IMG_0011","4",4,0,0
"427",2,"IMG_0011","6",1,5,0
"428",2,"IMG_0012","1",1,1,0
"429",2,"IMG_0014","1",0,1,0
"430",2,"IMG_0014","1",0,1,0
"431",2,"IMG_0014","1",1,0,0
"432",2,"IMG_0014","2",1,1,0
"433",2,"IMG_0014","3",2,1,0
"434",2,"IMG_0014","1",1,0,0
"435",16,"IMG_3124","3",0,2,1
"436",16,"IMG_3124","4",0,3,1
"437",16,"IMG_3126","1",1,0,0
"438",16,"IMG_3127","3",2,1,0
"439",16,"IMG_3128","3",2,1,0
"440",16,"IMG_3129","9",4,4,1
"441",16,"IMG_3130","4",3,1,0
"442",16,"IMG_3131","4",2,2,0
"443",16,"IMG_3132","1",0,1,0
"444",16,"IMG_3133","5",3,1,0
"445",16,"IMG_3134","21",10,11,0
"446",16,"IMG_3135","1",0,1,0
"447",16,"IMG_3143","1",1,0,0
"448",16,"IMG_3145","16",1,0,15
"449",16,"IMG_3147","1",1,0,0
"450",16,"IMG_3153","10",0,10,0
"451",16,"IMG_3159","1",1,0,0
"452",16,"IMG_3160","1",0,1,0
"453",16,"IMG_3171","1",1,0,0
"454",16,"IMG_3181","4",2,2,0
"455",16,"IMG_3183","2",1,1,0
"456",16,"IMG_3198","2",1,1,0
"457",16,"IMG_3203","1",0,1,0
"458",16,"IMG_3206","13",0,0,13
"459",16,"IMG_3207","7",3,3,1
"460",16,"IMG_3207","2",1,1,0
"461",16,"IMG_3207","1",1,0,0
"462",16,"IMG_3207","1",0,1,0
"463",16,"IMG_3207","4",2,2,0
"464",16,"IMG_3209","4",2,2,0
"465",16,"IMG_3210","10",6,4,0
"466",16,"IMG_3225","1",1,0,0
"467",4,"IMG_0766","1",1,0,0
"468",4,"IMG_0766","1",1,0,0
"469",4,"IMG_0766","1",1,0,0
"470",4,"IMG_0766","1",1,0,0
"471",4,"IMG_0766","1",1,0,0
"472",4,"IMG_0766","1",1,0,0
"473",4,"IMG_0766","2",1,1,0
"474",4,"IMG_0766","1",1,0,0
"475",4,"IMG_0809","4",4,0,0
"476",4,"IMG_0888","1",1,0,0
"477",4,"IMG_0888","1",1,0,0
"478",4,"IMG_0888","1",0,1,0
"479",4,"IMG_0888","5",5,0,0
"480",4,"IMG_0888","1",0,1,0
"481",4,"IMG_0888","1",1,0,0
"482",4,"IMG_0888","4",4,0,4
"483",4,"IMG_0888","1",1,0,0
"484",4,"IMG_0930","1",1,0,0
"485",4,"IMG_0930","1",1,0,0
"486",4,"IMG_0930","1",1,0,0
"487",4,"IMG_0930","1",1,0,0
"488",4,"IMG_0930","1",0,1,0
"489",4,"IMG_0930","1",1,0,0
"490",4,"IMG_0930","1",1,0,0
"491",4,"IMG_0930","1",1,0,0
"492",4,"IMG_0930","1",1,0,0
"493",4,"IMG_0930","1",1,0,0
"494",4,"IMG_0930","1",1,0,0
"495",4,"IMG_0930","1",1,0,0
"496",4,"IMG_0930","1",1,0,0
"497",4,"IMG_0930","1",1,0,0
"498",4,"IMG_0967","~52",33,14,3
"499",4,"IMG_0967","1",1,0,0
"500",4,"IMG_1078","1",1,0,0
"501",4,"IMG_1078","1",0,1,0
"502",4,"IMG_1078","1",1,0,0
"503",4,"IMG_1078","1",1,0,0
"504",4,"IMG_1078","1",0,1,0
"505",4,"IMG_1078","1",1,0,0
"506",4,"IMG_1078","1",1,0,0
"507",4,"IMG_1078","1",0,1,0
"508",4,"IMG_1078","1",0,1,0
"509",4,"IMG_1078","1",2,0,0
"510",4,"IMG_1078","1",0,1,0
"511",4,"IMG_1078","1",1,0,0
"512",4,"IMG_1078","1",1,0,0
"513",4,"IMG_1078","1",1,0,0
"514",4,"IMG_1078","1",0,1,0
"515",4,"IMG_1078","1",1,0,0
"516",4,"IMG_1078","1",1,0,0
"517",4,"IMG_1078","1",0,1,0
"518",4,"IMG_1078","1",0,1,0
"519",4,"IMG_1078","1",0,1,0
"520",4,"IMG_1751","1",1,0,0
"521",4,"IMG_1751","1",1,0,0
"522",4,"IMG_1751","1",1,0,0
"523",4,"IMG_1751","1",1,0,0
"524",4,"IMG_1751","1",1,0,0
"525",4,"IMG_1751","1",0,1,0
"526",4,"IMG_1751","1",1,0,0
"527",4,"IMG_1751","1",1,0,0
"528",4,"IMG_1751","1",1,0,0
"529",4,"IMG_1751","1",1,0,0
"530",4,"IMG_1751","1",1,0,0
"531",4,"IMG_1751","1",1,0,0
"532",4,"IMG_1751","1",1,0,0
"533",4,"IMG_1751","1",1,0,0
"534",4,"IMG_1751","1",1,0,0
"535",4,"IMG_1751","1",0,1,0
"536",4,"IMG_1751","1",0,1,0
"537",4,"IMG_1751","1",0,1,0
"538",4,"IMG_1751","1",0,1,0
"539",4,"IMG_1751","1",1,0,0
"540",4,"IMG_1751","1",0,1,0
"541",4,"IMG_1751","1",0,1,0
"542",4,"IMG_1937","1",1,0,0
"543",4,"IMG_1937","1",1,0,0
"544",4,"IMG_1937","1",1,0,0
"545",4,"IMG_1937","1",1,0,0
"546",4,"IMG_1937","1",1,0,0
"547",4,"IMG_1937","1",1,0,0
"548",4,"IMG_1937","1",1,0,0
"549",4,"IMG_1937","1",1,0,0
"550",4,"IMG_1937","1",1,0,0
"551",4,"IMG_1937","1",1,0,0
"552",4,"IMG_1937","2",1,1,0
"553",4,"IMG_1937","1",1,0,0
"554",4,"IMG_2903","1",1,0,0
"555",4,"IMG_2903","1",1,0,0
"556",4,"IMG_2903","1",1,0,0
"557",4,"IMG_2903","1",0,1,0
"558",4,"IMG_2903","1",1,0,0
"559",4,"IMG_2903","1",0,1,0
"560",4,"IMG_2903","1",0,1,0
"561",4,"IMG_2903","1",1,0,0
"562",4,"IMG_2903","1",1,0,0
"563",4,"IMG_2903","1",1,0,0
"564",4,"IMG_2903","1",1,0,0
"565",4,"IMG_2903","1",1,0,0
"566",4,"IMG_2903","1",1,0,0
"567",4,"IMG_2903","1",1,0,0
"568",4,"IMG_2903","1",0,1,0
"569",4,"IMG_2903","1",1,0,0
"570",4,"IMG_2903","1",1,0,0
"571",4,"IMG_2903","1",1,0,0
"572",4,"IMG_2903","1",1,0,0
"573",4,"IMG_2903","1",1,0,0
"574",4,"IMG_2903","1",1,0,0
"575",4,"IMG_2903","1",0,1,0
"576",4,"IMG_2903","1",0,1,0
"577",4,"IMG_2910","1",0,1,0
"578",4,"IMG_4504","1",1,0,0
"579",4,"IMG_4504","1",1,0,0
"580",4,"IMG_4504","1",0,1,0
"581",4,"IMG_4504","1",1,0,0
"582",4,"IMG_4504","1",0,1,0
"583",4,"IMG_4504","1",0,1,0
"584",4,"IMG_4504","1",1,0,0
"585",4,"IMG_4504","1",1,0,0
"586",4,"IMG_4504","1",1,0,0
"587",4,"IMG_4504","1",0,1,0
"588",4,"IMG_4504","1",1,0,0
"589",4,"IMG_4504","1",1,0,0
"590",4,"IMG_4504","1",1,0,0
"591",4,"IMG_4504","1",1,0,0
"592",4,"IMG_4504","1",1,0,0
"593",4,"IMG_4504","1",1,0,0
"594",4,"IMG_4504","1",0,1,0
"595",4,"IMG_4504","1",1,0,0
"596",4,"IMG_4504","1",1,0,0
"597",4,"IMG_4504","1",0,1,0
"598",4,"IMG_4504","1",0,1,0
"599",4,"IMG_4504","1",1,0,0
"600",4,"IMG_4504","1",1,0,0
"601",4,"IMG_4504","1",1,0,0
"602",4,"IMG_4504","1",1,0,0
"603",4,"IMG_4797","2",2,0,0
"604",4,"IMG_4797","1",0,1,0
"605",4,"IMG_4797","2",1,0,0
"606",4,"IMG_4797","3",3,0,0
"607",4,"IMG_4797","1",1,0,0
"608",4,"IMG_5845","1",0,1,0
"609",4,"IMG_6056","1",1,0,0
"610",4,"IMG_6056","1",0,1,0
"611",4,"IMG_7126","5",1,3,5
"612",4,"IMG_7141","1",1,0,0
"613",4,"IMG_7141","1",1,0,0
"614",4,"IMG_7141","1",1,0,0
"615",4,"IMG_7141","1",1,0,0
"616",4,"IMG_7141","4",3,1,0
"617",4,"IMG_7141","7",0,7,0
"618",4,"IMG_7141","1",1,0,0
"619",4,"IMG_7141","1",1,0,0
"620",4,"IMG_7959","1",0,1,0
"621",4,"IMG_7959","2",1,1,0
"622",4,"IMG_7959","1",1,0,0
"623",4,"IMG_8346","1",1,0,0
"624",4,"IMG_8346","1",1,0,0
"625",4,"IMG_8346","1",1,0,0
"626",4,"IMG_8346","1",1,0,0
"627",4,"IMG_8346","1",1,0,0
"628",4,"IMG_8346","1",1,0,0
"629",4,"IMG_8346","1",1,0,0
"630",4,"IMG_8346","1",1,0,0
"631",4,"IMG_8346","1",1,0,0
"632",4,"IMG_8346","1",1,0,0
"633",4,"IMG_8346","1",1,0,0
"634",4,"IMG_8346","1",1,0,0
"635",4,"IMG_8346","1",1,0,0
"636",4,"IMG_8346","1",1,0,0
"637",4,"IMG_8346","1",1,0,0
"638",4,"IMG_8346","1",1,0,0
"639",4,"IMG_8346","1",1,0,0
"640",4,"IMG_8346","1",1,0,0
"641",4,"IMG_8346","1",1,0,0
"642",4,"IMG_8346","1",1,0,0
"643",4,"IMG_8346","1",1,0,0
"644",4,"IMG_8346","1",1,0,0
"645",4,"IMG_8346","1",1,0,0
"646",4,"IMG_8346","1",1,0,0
"647",4,"IMG_8346","1",1,0,0
"648",4,"IMG_8346","1",0,1,0
"649",4,"IMG_8346","1",1,0,0
"650",4,"IMG_8346","1",1,0,0
"651",4,"IMG_8346","1",1,0,0
"652",4,"IMG_8346","1",1,0,0
"653",4,"IMG_8397","1",1,0,0
"654",4,"IMG_8397","1",1,0,0
"655",4,"IMG_8569","1",0,1,0
"656",4,"IMG_8569","1",1,0,0
"657",4,"IMG_8569","1",1,0,0
"658",4,"IMG_8569","1",1,0,0
"659",4,"IMG_8577","1",1,0,0
"660",4,"IMG_8577","1",1,0,0
"661",4,"IMG_8577","1",1,0,0
"662",4,"IMG_8967","1",1,0,0
"663",4,"IMG_8967","1",1,0,0
"664",4,"IMG_8967","1",1,0,0
"665",4,"IMG_8967","1",1,0,0
"666",4,"IMG_8967","1",0,1,0
"667",4,"IMG_8967","1",1,0,0
"668",4,"IMG_8967","1",1,0,0
"669",4,"IMG_8967","1",1,0,0
"670",4,"IMG_8967","1",1,0,0
"671",4,"IMG_8967","1",0,1,0
"672",4,"IMG_8967","1",1,0,0
"673",4,"IMG_8967","1",1,0,0
"674",4,"IMG_8967","1",1,0,0
"675",4,"IMG_8967","1",1,0,0
"676",4,"IMG_8967","1",1,0,0
"677",4,"IMG_8967","1",1,0,0
"678",4,"IMG_8967","1",1,0,0
"679",4,"IMG_8967","1",1,0,0
"680",4,"IMG_8967","1",1,0,0
"681",4,"IMG_8967","1",1,0,0
"682",4,"IMG_8967","1",1,0,0
"683",4,"IMG_8967","1",1,0,0
"684",4,"IMG_8967","1",1,0,0
"685",4,"IMG_8967","1",1,0,0
"686",4,"IMG_8967","1",1,0,0
"687",4,"IMG_8967","1",1,0,0
"688",4,"IMG_8967","1",0,1,0
"689",4,"IMG_8967","1",1,0,0
"690",4,"IMG_8967","1",1,0,0
"691",4,"IMG_8967","1",1,0,0
"692",4,"IMG_9180","1",1,0,0
"693",4,"IMG_9180","1",1,0,0
"694",4,"IMG_9180","1",1,0,0
"695",4,"IMG_9180","1",1,0,0
"696",4,"IMG_9180","1",1,0,0
"697",4,"IMG_9180","1",0,1,0
"698",4,"IMG_9180","1",1,0,0
"699",4,"IMG_9180","1",1,0,0
"700",4,"IMG_9180","1",1,0,0
"701",4,"IMG_9180","1",1,0,0
"702",4,"IMG_9180","1",1,0,0
"703",4,"IMG_9180","1",1,0,0
"704",4,"IMG_9180","1",1,0,0
"705",4,"IMG_9180","1",0,1,0
"706",4,"IMG_9252","4",1,0,0
"707",4,"IMG_9252","1",1,0,0
"708",4,"IMG_9252","1",1,0,0
"709",4,"IMG_9252","1",1,0,0
"710",4,"IMG_9252","1",1,0,0
"711",4,"IMG_9252","1",1,0,0
"712",5,"IMG_0002","1",1,0,0
"713",5,"IMG_0020","14",10,4,0
"714",5,"IMG_0001","1",0,1,0
"715",5,"IMG_0002","1",1,0,0
"716",5,"IMG_0003","26",20,6,0
"717",5,"IMG_0041","1",1,0,0
"718",5,"IMG_0042","~112",68,29,15
"719",6,"IMG_3430","1",1,0,0
"720",6,"IMG_3430","1",1,0,0
"721",6,"IMG_3430","1",1,0,0
"722",6,"IMG_3430","1",1,0,0
"723",6,"IMG_3431","1",1,0,0
"724",6,"IMG_3431","1",0,1,0
"725",6,"IMG_3432","1",1,0,0
"726",6,"IMG_3432","1",1,0,0
"727",6,"IMG_3433","1",1,0,0
"728",6,"IMG_3434","1",1,0,0
"729",6,"IMG_3435","1",1,0,0
"730",6,"IMG_3435","1",1,0,0
"731",6,"IMG_3438","1",1,0,0
"732",6,"IMG_3439","1",1,0,0
"733",6,"IMG_3440","1",1,0,0
"734",6,"IMG_3441","1",1,0,0
"735",6,"IMG_3441","1",1,0,0
"736",6,"IMG_3441","1",1,0,0
"737",6,"IMG_3441","1",1,0,0
"738",6,"IMG_3442","1",1,0,0
"739",6,"IMG_3442","1",1,0,0
"740",6,"IMG_3442","1",0,1,0
"741",6,"IMG_3442","1",0,1,0
"742",6,"IMG_3443","1",1,0,0
"743",6,"IMG_3444","1",1,0,0
"744",6,"IMG_3445","1",1,0,0
"745",6,"IMG_3446","1",1,0,0
"746",6,"IMG_3447","1",1,0,0
"747",6,"IMG_3448","1",0,1,0
"748",6,"IMG_3448","1",1,0,0
"749",6,"IMG_3449","1",1,0,0
"750",6,"IMG_3449","1",1,0,0
"751",6,"IMG_3450","1",1,0,0
"752",6,"IMG_3451","1",1,0,0
"753",6,"IMG_3452","1",1,0,0
"754",6,"IMG_3454","1",1,0,0
"755",6,"IMG_3454","1",1,0,0
"756",6,"IMG_3454","1",1,0,0
"757",6,"IMG_3454","1",1,0,0
"758",6,"IMG_3454","1",1,0,0
"759",6,"IMG_3454","1",1,0,0
"760",6,"IMG_3454","1",1,0,0
"761",6,"IMG_3454","1",0,1,0
"762",6,"IMG_3454","1",1,0,0
"763",6,"IMG_3454","1",0,1,0
"764",6,"IMG_3454","1",1,0,0
"765",6,"IMG_3454","1",1,0,0
"766",6,"IMG_3460","1",1,0,0
"767",6,"IMG_3462","1",1,0,0
"768",6,"IMG_3463","1",1,0,0
"769",6,"IMG_3464","1",1,0,0
"770",6,"IMG_3465","1",1,0,0
"771",6,"IMG_3465","1",1,0,0
"772",6,"IMG_3466","1",1,0,0
"773",6,"IMG_3466","1",1,0,0
"774",6,"IMG_3467","1",1,0,0
"775",6,"IMG_3467","1",1,0,0
"776",6,"IMG_3468","1",1,0,0
"777",6,"IMG_3468","1",1,0,0
"778",6,"IMG_3469","1",1,0,0
"779",6,"IMG_3469","1",0,1,0
"780",6,"IMG_3470","1",1,0,0
"781",6,"IMG_3470","1",1,0,0
"782",6,"IMG_3471","1",1,0,0
"783",6,"IMG_3471","1",1,0,0
"784",6,"IMG_3472","1",1,0,0
"785",6,"IMG_3472","1",1,0,0
"786",6,"IMG_3473","1",1,0,0
"787",6,"IMG_3473","1",1,0,0
"788",6,"IMG_3474","1",1,0,0
"789",6,"IMG_3474","1",1,0,0
"790",6,"IMG_3475","1",1,0,0
"791",6,"IMG_3475","1",1,0,0
"792",6,"IMG_3476","1",1,0,0
"793",6,"IMG_3477","1",1,0,0
"794",6,"IMG_3478","1",0,1,0
"795",6,"IMG_3479","1",1,0,0
"796",6,"IMG_3480","1",0,1,0
"797",6,"IMG_3481","1",1,0,0
"798",6,"IMG_3483","1",0,1,0
"799",6,"IMG_3484","1",1,0,0
"800",6,"IMG_3485","1",1,0,0
"801",6,"IMG_3486","1",1,0,0
"802",6,"IMG_3487","1",0,1,0
"803",6,"IMG_3488","1",1,0,0
"804",6,"IMG_3489","1",1,0,0
"805",6,"IMG_3509","1",1,0,0
"806",6,"IMG_3509","1",1,0,0
"807",6,"IMG_3509","1",1,0,0
"808",6,"IMG_3509","1",1,0,0
"809",6,"IMG_3510","1",1,0,0
"810",6,"IMG_3510","1",1,0,0
"811",6,"IMG_3511","1",0,1,0
"812",6,"IMG_3511","1",1,0,0
"813",6,"IMG_3512","1",1,0,0
"814",6,"IMG_3512","1",1,0,0
"815",6,"IMG_3512","1",1,0,0
"816",6,"IMG_3512","1",0,1,0
"817",6,"IMG_3513","1",1,0,0
"818",6,"IMG_3513","1",1,0,0
"819",6,"IMG_3513","1",1,0,0
"820",6,"IMG_3513","1",1,0,0
"821",6,"IMG_3514","1",1,0,0
"822",6,"IMG_3514","1",1,0,0
"823",6,"IMG_3514","1",0,1,0
"824",6,"IMG_3514","1",1,0,0
"825",6,"IMG_3515","1",1,0,0
"826",6,"IMG_3515","1",1,0,0
"827",6,"IMG_3515","1",1,0,0
"828",6,"IMG_3515","1",1,0,0
"829",6,"IMG_3516","1",1,0,0
"830",6,"IMG_3517","1",1,0,0
"831",6,"IMG_3517","1",1,0,0
"832",6,"IMG_3517","1",1,0,0
"833",6,"IMG_3517","1",1,0,0
"834",6,"IMG_3518","1",1,0,0
"835",6,"IMG_3518","1",1,0,0
"836",6,"IMG_3518","1",1,0,0
"837",6,"IMG_3518","1",1,0,0
"838",6,"IMG_3521","1",1,0,0
"839",6,"IMG_3521","1",1,0,0
"840",6,"IMG_3521","1",1,0,0
"841",6,"IMG_3521","1",1,0,0
"842",6,"IMG_3522","1",1,0,0
"843",6,"IMG_3522","1",1,0,0
"844",6,"IMG_3522","1",1,0,0
"845",6,"IMG_3522","1",1,0,0
"846",6,"IMG_3523","1",1,0,0
"847",6,"IMG_3523","1",0,1,0
"848",6,"IMG_3524","1",1,0,0
"849",6,"IMG_3525","1",1,0,0
"850",6,"IMG_3526","1",1,0,0
"851",6,"IMG_3527","1",1,0,0
"852",6,"IMG_3528","1",1,0,0
"853",6,"IMG_3529","1",1,0,0
"854",6,"IMG_3529","1",1,0,0
"855",6,"IMG_3529","1",1,0,0
"856",6,"IMG_3529","1",1,0,0
"857",6,"IMG_3529","1",1,0,0
"858",6,"IMG_3541","1",0,1,0
"859",6,"IMG_3543","1",0,1,0
"860",6,"IMG_3543","2",0,2,0
"861",6,"IMG_3543","2",0,2,0
"862",6,"IMG_3543","4",0,4,0
"863",6,"IMG_3543","2",2,0,0
"864",6,"IMG_3543","~22",9,7,0
"865",6,"MG_3544","1",1,0,0
"866",6,"IMG_3545","1",1,0,0
"867",6,"IMG_3564","2",0,1,1
"868",6,"IMG_3566","1",0,1,0
"869",6,"IMG_3566","1",1,0,0
"870",6,"IMG_3566","1",1,0,0
"871",6,"IMG_3566","1",1,0,0
"872",6,"IMG_3566","1",1,0,0
"873",6,"IMG_3566","1",1,0,0
"874",6,"IMG_3567","3",2,1,0
"875",6,"IMG_3568","3",1,2,0
"876",6,"IMG_3569","3",1,2,0
"877",6,"IMG_3572","2",2,0,0
"878",6,"IMG_3572","4",3,2,0
"879",6,"IMG_3584","3",0,0,3
"880",6,"IMG_3584","1",1,0,0
"881",6,"IMG_3598","1",1,0,0
"882",6,"IMG_3598","1",1,0,0
"883",6,"IMG_3598","1",1,0,0
"884",6,"IMG_3598","1",1,0,0
"885",6,"IMG_3598","1",1,0,0
"886",6,"IMG_3598","1",0,1,0
"887",6,"IMG_3598","1",1,0,0
"888",6,"IMG_3599","1",0,1,0
"889",6,"IMG_3599","1",1,0,0
"890",6,"IMG_3599","1",1,0,0
"891",6,"IMG_3599","1",1,0,0
"892",6,"IMG_3600","1",1,0,0
"893",6,"IMG_3600","1",1,0,0
"894",6,"IMG_3600","1",1,0,0
"895",6,"IMG_3600","1",1,0,0
"896",6,"IMG_3600","1",1,0,0
"897",6,"IMG_3601","1",1,0,0
"898",6,"IMG_3601","1",1,0,0
"899",6,"IMG_3601","1",1,0,0
"900",6,"IMG_3601","1",1,0,0
"901",6,"IMG_3601","1",1,0,0
"902",6,"IMG_3601","1",1,0,0
"903",6,"IMG_3604","1",1,0,0
"904",6,"IMG_3604","1",1,0,0
"905",6,"IMG_3604","1",0,1,0
"906",6,"IMG_3604","1",0,1,0
"907",6,"IMG_3604","1",1,0,0
"908",6,"IMG_3604","1",1,0,0
"909",6,"IMG_3605","1",1,0,0
"910",6,"IMG_3605","1",1,0,0
"911",6,"IMG_3605","1",0,1,0
"912",6,"IMG_3605","1",0,1,0
"913",6,"IMG_3605","1",1,0,0
"914",6,"IMG_3605","1",1,0,0
"915",6,"IMG_3606","1",1,0,0
"916",6,"IMG_3606","1",1,0,0
"917",6,"IMG_3606","1",0,1,0
"918",6,"IMG_3606","1",1,0,0
"919",6,"IMG_3606","1",1,0,0
"920",6,"IMG_3606","1",1,0,0
"921",6,"IMG_3607","1",1,0,0
"922",6,"IMG_3607","1",1,0,0
"923",6,"IMG_3607","1",0,1,0
"924",6,"IMG_3607","1",1,0,0
"925",6,"IMG_3607","1",1,0,0
"926",6,"IMG_3607","1",0,1,0
"927",6,"IMG_3608","1",0,1,0
"928",6,"IMG_3608","1",1,0,0
"929",6,"IMG_3608","1",0,1,0
"930",6,"IMG_3608","1",1,0,0
"931",6,"IMG_3608","1",1,0,0
"932",6,"IMG_3608","1",1,0,0
"933",6,"IMG_3609","1",1,0,0
"934",6,"IMG_3609","1",1,0,0
"935",6,"IMG_3609","1",0,1,0
"936",6,"IMG_3609","1",0,1,0
"937",6,"IMG_3610","1",1,0,0
"938",6,"IMG_3620","1",0,1,0
"939",6,"IMG_3620","1",0,1,0
"940",6,"IMG_3621","1",1,0,0
"941",6,"IMG_3622","1",1,0,0
"942",6,"IMG_3623","1",0,1,0
"943",6,"IMG_3640","2",2,0,0
"944",6,"IMG_3642","2",2,0,0
"945",6,"IMG_3646","1",0,1,0
"946",6,"IMG_3655","1",1,0,0
"947",6,"IMG_3664","1",1,0,0
"948",6,"IMG_3664","1",1,0,0
"949",6,"IMG_3664","1",1,0,0
"950",6,"IMG_3664","1",1,0,0
"951",6,"IMG_3664","1",0,1,0
"952",6,"IMG_3693","12",10,2,0
"953",6,"IMG_3712","2",2,0,0
"954",6,"IMG_3713","2",2,0,0
"955",6,"IMG_3714","1",1,0,0
"956",6,"IMG_3717","1",1,0,0
"957",6,"IMG_3718","1",1,0,0
"958",6,"IMG_3719","1",1,0,0
"959",6,"IMG_3720","1",1,0,0
"960",6,"IMG_3721","1",1,0,0
"961",6,"IMG_3722","1",1,0,0
"962",6,"IMG_3723","1",1,0,0
"963",6,"IMG_3724","1",0,0,1
"964",6,"IMG_3724","1",0,1,1
"965",6,"IMG_3724","2",0,2,0
"966",6,"IMG_3724","2",1,0,1
"967",6,"IMG_3724","2",1,1,0
"968",6,"IMG_3724","2",1,1,0
"969",6,"IMG_3724","15",6,2,0
"970",6,"IMG_3724","3",1,2,0
"971",6,"IMG_3724","1",0,0,1
"972",6,"IMG_3724","1",1,0,0
"973",6,"IMG_3724","1",1,0,0
"974",6,"IMG_3724","1",0,1,0
"975",6,"IMG_3724","1",0,1,0
"976",6,"IMG_3724","1",0,1,0
"977",6,"IMG_3724","5",1,4,0
"978",6,"IMG_3724","1",0,1,0
"979",6,"IMG_3724","1",0,1,0
"980",6,"IMG_3724","2",1,1,0
"981",6,"IMG_3724","3",1,0,2
"982",6,"IMG_3724","1",0,1,0
"983",6,"IMG_3724","1",1,0,0
"984",6,"IMG_3724","1",1,0,0
"985",6,"IMG_3724","1",1,0,0
"986",6,"IMG_3725","8",6,2,0
"987",6,"IMG_3726","1",1,0,0
"988",6,"IMG_3726","3",3,0,0
"989",6,"IMG_3727","6",3,3,0
"990",6,"IMG_3728","1",1,0,0
"991",6,"IMG_3728","1",0,1,0
"992",6,"IMG_3728","1",1,0,0
"993",6,"IMG_3728","1",1,0,0
"994",6,"IMG_3729","1",1,0,0
"995",6,"IMG_3729","1",1,0,0
"996",6,"IMG_3729","1",0,1,0
"997",6,"IMG_3730","2",1,1,0
"998",6,"IMG_3730","2",2,0,0
"999",6,"IMG_3731","1",0,1,0
"1000",6,"IMG_3732","1",0,1,0
"1001",6,"IMG_3737","1",1,0,0
"1002",6,"IMG_3737","1",1,0,0
"1003",6,"IMG_3737","1",1,0,0
"1004",6,"IMG_3737","1",1,0,0
"1005",6,"IMG_3738","1",0,1,0
"1006",6,"IMG_3738","1",0,1,0
"1007",6,"IMG_3738","1",1,0,0
"1008",6,"IMG_3738","1",0,1,0
"1009",6,"IMG_3739","1",1,0,0
"1010",6,"IMG_3739","1",1,0,0
"1011",6,"IMG_3739","1",1,0,0
"1012",6,"IMG_3739","1",1,0,0
"1013",6,"IMG_3742","5",4,1,0
"1014",6,"IMG_3743","7",6,1,0
"1015",6,"IMG_3744","7",6,1,0
"1016",6,"IMG_3747","1",0,1,0
"1017",6,"IMG_3748","2",2,0,0
"1018",6,"IMG_3770","1",1,0,0
"1019",6,"IMG_3770","1",1,0,0
"1020",6,"IMG_3770","1",1,0,0
"1021",6,"IMG_3770","1",1,0,0
"1022",6,"IMG_3770","1",1,0,0
"1023",6,"IMG_3770","1",1,0,0
"1024",6,"IMG_3770","1",1,0,0
"1025",6,"IMG_3770","1",1,0,0
"1026",6,"IMG_3770","1",1,0,0
"1027",6,"IMG_3770","1",1,0,0
"1028",6,"IMG_3770","1",1,0,0
"1029",6,"IMG_3770","1",1,0,0
"1030",6,"IMG_3774","22",13,6,3
"1031",6,"IMG_3786","15",12,3,0
"1032",6,"IMG_3795","1",0,1,0
"1033",6,"IMG_3795","1",0,1,0
"1034",6,"IMG_3796","1",1,0,0
"1035",6,"IMG_3797","41",34,7,0
"1036",6,"IMG_3799","1",1,0,0
"1037",6,"IMG_3799","1",1,0,0
"1038",6,"IMG_3800","1",1,0,0
"1039",6,"IMG_3800","1",0,1,0
"1040",6,"IMG_3801","1",1,0,0
"1041",6,"IMG_3801","1",1,0,0
"1042",6,"IMG_3802","1",1,0,0
"1043",6,"IMG_3802","1",1,0,0
"1044",6,"IMG_3803","1",0,1,0
"1045",6,"IMG_3803","1",1,0,0
"1046",6,"IMG_3804","1",1,0,0
"1047",6,"IMG_3805","1",1,0,0
"1048",6,"IMG_3809","2",2,0,0
"1049",6,"IMG_3809","1",1,0,0
"1050",6,"IMG_3809","1",0,0,1
"1051",6,"IMG_3809","1",1,0,0
"1052",6,"IMG_3809","1",1,0,0
"1053",6,"IMG_3809","1",1,0,0
"1054",6,"IMG_3809","1",1,0,0
"1055",6,"IMG_3809","1",1,0,0
"1056",6,"IMG_3809","1",1,0,0
"1057",6,"IMG_3809","1",1,0,0
"1058",6,"IMG_3809","1",1,0,0
"1059",6,"IMG_3809","1",0,1,0
"1060",6,"IMG_3809","1",0,1,0
"1061",6,"IMG_3809","3",3,0,0
"1062",6,"IMG_3810","1",0,1,0
"1063",6,"IMG_3810","1",1,0,0
"1064",6,"IMG_3810","1",1,0,0
"1065",6,"IMG_3810","1",0,1,0
"1066",6,"IMG_3811","1",1,0,0
"1067",6,"IMG_3811","1",1,0,0
"1068",6,"IMG_3811","1",1,0,0
"1069",6,"IMG_3811","1",1,0,0
"1070",6,"IMG_3811","1",1,0,0
"1071",6,"IMG_3813","1",0,1,0
"1072",6,"IMG_3813","1",1,0,0
"1073",6,"IMG_3813","1",1,0,0
"1074",6,"IMG_3823","1",1,0,0
"1075",6,"IMG_3823","1",0,1,0
"1076",6,"IMG_3823","1",1,0,0
"1077",6,"IMG_3823","1",1,0,0
"1078",6,"IMG_3823","1",1,0,0
"1079",6,"IMG_3823","1",0,1,0
"1080",6,"IMG_3823","1",0,1,0
"1081",6,"IMG_3823","1",1,0,0
"1082",6,"IMG_3823","1",1,0,0
"1083",6,"IMG_3825","1",0,1,0
"1084",6,"IMG_3826","1",0,1,0
"1085",6,"IMG_3826","1",0,1,0
"1086",6,"IMG_3826","1",0,1,0
"1087",6,"IMG_3828","1",1,0,0
"1088",6,"IMG_3829","1",0,1,0
"1089",6,"IMG_3836","1",1,0,0
"1090",6,"IMG_3836","1",1,0,0
"1091",6,"IMG_3836","1",1,0,0
"1092",6,"IMG_3836","1",1,0,0
"1093",6,"IMG_3837","1",1,0,0
"1094",6,"IMG_3837","1",1,0,0
"1095",6,"IMG_3839","1",1,0,0
"1096",6,"IMG_3840","4",4,0,0
"1097",6,"IMG_3842","4",1,3,0
"1098",6,"IMG_3844","1",1,0,0
"1099",6,"IMG_3844","1",1,0,0
"1100",6,"IMG_3847","8",4,3,1
"1101",6,"IMG_3847","8",7,1,0
"1102",6,"IMG_3847","3",4,1,0
"1103",6,"IMG_3847","5",4,1,0
"1104",6,"IMG_3849","1",0,1,0
"1105",6,"IMG_3855","1",1,0,0
"1106",6,"IMG_3855","1",1,0,0
"1107",6,"IMG_3855","1",1,0,0
"1108",6,"IMG_3855","1",1,0,0
"1109",6,"IMG_3855","1",1,0,0
"1110",6,"IMG_3855","1",1,0,0
"1111",6,"IMG_3855","1",1,0,0
"1112",6,"IMG_3856","1",1,0,0
"1113",6,"IMG_3856","1",1,0,0
"1114",6,"IMG_3856","1",1,0,0
"1115",6,"IMG_3856","1",1,0,0
"1116",6,"IMG_3856","1",1,0,0
"1117",6,"IMG_3857","1",0,1,0
"1118",6,"IMG_3857","1",1,0,0
"1119",6,"IMG_3857","1",1,0,0
"1120",6,"IMG_3857","1",1,0,0
"1121",6,"IMG_3857","1",1,0,0
"1122",6,"IMG_3858","1",1,0,0
"1123",6,"IMH_3858","1",1,0,0
"1124",6,"IMG_3858","1",1,0,0
"1125",6,"IMG_3858","1",1,0,0
"1126",6,"IMG_3858","1",1,0,0
"1127",6,"IMG_3859","1",0,1,0
"1128",6,"IMG_3859","3",1,0,0
"1129",6,"IMG_3859","3",1,0,0
"1130",6,"IMG_3871","1",1,0,0
"1131",6,"IMG_3872","1",1,0,0
"1132",6,"IMG_3880","1",1,0,0
"1133",6,"IMG_3881","1",1,0,0
"1134",6,"IMG_3881","1",0,1,0
"1135",6,"IMG_3881","1",1,0,0
"1136",6,"IMG_3881","1",1,0,0
"1137",6,"IMG_3881","1",1,0,0
"1138",6,"IMG_3881","1",1,0,0
"1139",6,"IMG_3882","1",1,0,0
"1140",6,"IMG_3882","1",0,1,0
"1141",6,"IMG_3882","1",1,0,0
"1142",6,"IMG_3882","1",1,0,0
"1143",6,"IMG_3882","1",1,0,0
"1144",6,"IMG_3882","1",1,0,0
"1145",6,"IMG_3883","1",1,0,0
"1146",6,"IMG_3883","1",1,0,0
"1147",6,"IMG_3883","1",1,0,0
"1148",6,"IMG_3883","1",1,0,0
"1149",6,"IMG_3883","1",0,1,0
"1150",6,"IMG_3883","1",0,1,0
"1151",6,"IMG_3884","1",1,0,0
"1152",6,"IMG_3884","1",1,0,0
"1153",6,"IMG_3884","1",1,0,0
"1154",6,"IMG_3884","1",1,0,0
"1155",6,"IMG_3884","1",1,0,0
"1156",6,"IMG_3884","1",1,0,0
"1157",6,"IMG_3887","10",9,1,0
"1158",6,"IMG_3888","10",2,8,0
"1159",6,"IMG_3891","1",1,0,0
"1160",6,"IMG_3891","1",1,0,0
"1161",6,"IMG_3891","1",1,0,0
"1162",6,"IMG_3891","1",1,0,0
"1163",6,"IMG_3891","1",1,0,0
"1164",6,"IMG_3891","1",1,0,0
"1165",6,"IMG_3892","1",1,0,0
"1166",6,"IMG_3892","1",1,0,0
"1167",6,"IMG_3892","1",1,0,0
"1168",6,"IMG_3892","1",1,0,0
"1169",6,"IMG_3892","1",0,1,0
"1170",6,"IMG_8390","5",5,0,0
"1171",6,"IMG_8391","1",0,1,0
"1172",6,"IMG_8392","2",2,0,0
"1173",6,"IMG_8396","1",1,0,0
"1174",6,"IMG_8396","1",1,0,0
"1175",6,"IMG_8396","1",1,0,0
"1176",6,"IMG_8396","1",1,0,0
"1177",6,"IMG_8396","1",1,0,0
"1178",6,"IMG_8396","1",1,0,0
"1179",6,"IMG_8396","1",1,0,0
"1180",6,"IMG_8396","1",1,0,0
"1181",25,"IMG_2081","1",0,1,0
"1182",25,"IMG_2081","1",1,0,0
"1183",25,"IMG_2081","1",1,0,0
"1184",25,"IMG_2081","1",1,0,0
"1185",25,"IMG_2081","1",1,0,0
"1186",25,"IMG_2081","1",1,0,0
"1187",25,"IMG_2081","1",1,0,0
"1188",25,"IMG_2087","1",0,1,0
"1189",25,"IMG_2093","1",0,1,0
"1190",25,"IMG_2118","4",2,2,0
"1191",25,"IMG_2141","1",1,0,0
"1192",25,"IMG_2155","1",1,0,0
"1193",25,"IMG_2158","1",0,1,0
"1194",25,"IMG_2159","2",1,1,0
"1195",25,"IMG_2160","1",0,1,0
"1196",25,"IMG_2160","3",1,1,1
"1197",25,"IMG_2160","2",0,2,0
"1198",25,"IMG_2161","2",1,1,0
"1199",17,"IMG_3121","2",1,1,0
"1200",17,"IMG_3121","1",0,1,0
"1201",17,"IMG_3121","1",1,0,0
"1202",17,"IMG_3121","1",1,0,0
"1203",17,"IMG_3121","1",0,1,0
"1204",17,"IMG_3121","1",1,0,0
"1205",17,"IMG_3266","10",5,5,0
"1206",17,"IMG_5152","1",0,1,0
"1207",17,"IMG_5736","1",1,0,0
"1208",17,"IMG_7517","2",2,0,0
"1209",17,"IMG_7517","1",1,0,0
"1210",17,"IMG_7517","2",1,1,0
"1211",17,"IMG_7517","8",4,4,0
"1212",17,"IMG_7517","2",2,0,0
"1213",17,"IMG_7517","2",1,1,0
"1214",7,"IMG_2755","1",1,0,0
"1215",7,"IMG_2755","1",1,0,0
"1216",7,"IMG_2755","1",1,0,0
"1217",7,"IMG_2755","1",1,0,0
"1218",7,"IMG_2755","1",0,1,0
"1219",7,"IMG_2755","1",1,0,0
"1220",7,"IMG_2755","1",1,0,0
"1221",7,"IMG_2756","1",1,0,0
"1222",7,"IMG_2756","1",1,0,0
"1223",7,"IMG_2756","1",0,1,0
"1224",7,"IMG_2756","1",1,0,0
"1225",7,"IMG_2757","1",0,1,0
"1226",7,"IMG_2757","1",0,1,0
"1227",7,"IMG_2757","1",0,1,0
"1228",7,"IMG_2758","1",0,1,0
"1229",7,"IMG_2758","1",0,1,0
"1230",7,"IMG_2758","1",0,1,0
"1231",7,"IMG_2759","1",0,1,0
"1232",7,"IMG_2759","1",0,1,0
"1233",7,"IMG_2760","1",0,1,0
"1234",7,"IMG_2761","1",0,1,0
"1235",7,"IMG_2761","1",1,0,0
"1236",7,"IMG_2761","1",0,1,0
"1237",7,"IMG_2762","1",0,1,0
"1238",7,"IMG_2763","1",0,1,0
"1239",7,"IMG_2764","2",2,0,0
"1240",7,"IMG_2764","1",1,0,0
"1241",7,"IMG_2765","21",16,4,1
"1242",7,"IMG_2766","2",2,0,0
"1243",7,"IMG_2778","36",7,2,1
"1244",7,"IMG_2780","1",0,1,0
"1245",7,"IMG_2785","1",1,0,0
"1246",7,"IMG_2785","6",3,3,0
"1247",7,"IMG_2785","2",1,1,0
"1248",7,"IMG_2785","4",3,1,0
"1249",7,"IMG_2786","1",0,1,0
"1250",7,"IMG_2788","2",1,1,0
"1251",7,"IMG_2793","1",1,0,0
"1252",7,"IMG_2793","1",1,0,0
"1253",7,"IMG_2793","1",1,0,0
"1254",7,"IMG_2793","1",1,0,0
"1255",7,"IMG_2793","1",0,1,0
"1256",7,"IMG_2793","1",1,0,0
"1257",7,"IMG_2793","1",1,0,0
"1258",7,"IMG_2793","1",1,0,0
"1259",7,"IMG_2793","1",1,0,0
"1260",7,"IMG_2793","1",1,0,0
"1261",7,"IMG_2793","1",1,0,0
"1262",7,"IMG_2793","1",1,0,0
"1263",7,"IMG_2793","1",1,0,0
"1264",7,"IMG_2793","1",1,0,0
"1265",7,"IMG_2793","1",1,0,0
"1266",7,"IMG_2793","1",1,0,0
"1267",7,"IMG_2793","1",0,1,0
"1268",7,"IMG_2793","1",1,0,0
"1269",7,"IMG_2793","1",1,0,0
"1270",7,"IMG_2793","1",0,1,0
"1271",7,"IMG_2793","1",1,0,0
"1272",7,"IMG_2793","1",0,1,0
"1273",7,"IMG_2793","1",1,0,0
"1274",7,"IMG_2793","1",1,0,0
"1275",7,"IMG_2793","1",0,0,1
"1276",7,"IMG_2793","1",1,0,0
"1277",7,"IMG_2793","1",1,0,0
"1278",7,"IMG_2793","1",1,0,0
"1279",7,"IMG_2793","1",1,0,0
"1280",7,"IMG_2793","1",1,0,0
"1281",7,"IMG_2793","1",0,1,0
"1282",7,"IMG_2793","1",0,1,0
"1283",7,"IMG_2793","1",0,1,0
"1284",7,"IMG_2794","1",0,1,0
"1285",7,"IMG_2794","1",0,1,0
"1286",7,"IMG_2794","1",1,0,0
"1287",7,"IMG_2794","1",1,0,0
"1288",7,"IMG_2794","1",1,0,0
"1289",7,"IMG_2794","1",1,0,0
"1290",7,"IMG_2794","1",0,1,0
"1291",7,"IMG_2794","1",0,1,0
"1292",7,"IMG_2794","1",1,0,0
"1293",7,"IMG_2794","1",0,1,0
"1294",7,"IMG_2794","1",1,0,0
"1295",7,"IMG_2794","1",1,0,0
"1296",7,"IMG_2794","1",1,0,0
"1297",7,"IMG_2794","1",1,0,0
"1298",7,"IMG_2794","1",0,1,0
"1299",7,"IMG_2794","1",1,0,0
"1300",7,"IMG_2794","1",1,0,0
"1301",7,"IMG_2794","1",1,0,0
"1302",7,"IMG_2794","1",1,0,0
"1303",7,"IMG_2794","1",1,0,0
"1304",7,"IMG_2794","1",1,0,0
"1305",7,"IMG_2794","1",0,1,0
"1306",7,"IMG_2794","1",1,0,0
"1307",7,"IMG_2794","1",1,0,0
"1308",7,"IMG_2794","1",1,0,0
"1309",7,"IMG_2796","4",2,2,0
"1310",7,"IMG_2796","2",0,2,0
"1311",7,"IMG_2796","3",2,1,0
"1312",7,"IMG_2796","3",2,1,0
"1313",7,"IMG_2797","1",1,0,0
"1314",7,"IMG_2798","16",12,4,0
"1315",7,"IMG_2798","11",6,5,0
"1316",7,"IMG_2799","36",30,2,4
"1317",7,"IMG_2801","20",0,20,0
"1318",7,"IMG_2801","12",6,6,0
"1319",7,"IMG_2802","3",2,1,0
"1320",7,"IMG_2802","1",1,0,0
"1321",7,"IMG_2802","1",1,0,0
"1322",7,"IMG_2802","1",0,0,1
"1323",7,"IMG_2802","1",1,0,0
"1324",7,"IMG_2802","1",1,0,0
"1325",7,"IMG_2802","1",1,0,0
"1326",7,"IMG_2802","1",0,1,0
"1327",7,"IMG_2803","1",0,1,0
"1328",7,"IMG_2805","1",0,1,0
"1329",7,"IMG_2806","1",1,0,0
"1330",7,"IMG_2807","1",1,0,0
"1331",7,"IMG_2808","2",1,1,0
"1332",7,"IMG_2808","4",3,1,0
"1333",7,"IMG_2808","4",3,1,0
"1334",7,"IMG_2809","1",1,0,0
"1335",7,"IMG_2814","2",0,1,1
"1336",7,"IMG_2814","3",3,0,0
"1337",7,"IMG_2814","7",3,4,0
"1338",7,"IMG_2814","7",4,2,1
"1339",7,"IMG_2815","1",0,1,0
"1340",7,"IMG_2816","2",2,0,0
"1341",7,"IMG_2821","1",0,1,0
"1342",7,"IMG_2823","21",11,10,0
"1343",7,"IMG_2825","~173",55,7,10
"1344",7,"IMG_2826","1",1,0,0
"1345",7,"IMG_2827","1",1,0,0
"1346",7,"IMG_2829","2",0,2,0
"1347",7,"IMG_2829","1",0,1,0
"1348",7,"IMG_2831","1",1,0,0
"1349",7,"IMG_2843","1",1,0,0
"1350",7,"IMG_2843","1",1,0,0
"1351",7,"IMG_2843","1",1,0,0
"1352",7,"IMG_2843","1",1,0,0
"1353",7,"IMG_2843","1",1,0,0
"1354",7,"IMG_2843","1",1,0,0
"1355",7,"IMG_2843","1",0,1,0
"1356",7,"IMG_2843","1",0,0,1
"1357",7,"IMG_2843","1",0,1,0
"1358",7,"IMG_2843","1",1,0,0
"1359",7,"IMG_2843","1",1,0,0
"1360",7,"IMG_2843","1",1,0,0
"1361",7,"IMG_2843","1",0,1,0
"1362",7,"IMG_2843","1",0,1,0
"1363",7,"IMG_2843","1",1,0,0
"1364",7,"IMG_2843","1",1,0,0
"1365",7,"IMG_2843","1",1,0,0
"1366",7,"IMG_2843","1",0,1,0
"1367",7,"IMG_2843","1",0,1,0
"1368",7,"IMG_2843","1",1,0,0
"1369",7,"IMG_2843","1",0,1,0
"1370",7,"IMG_2843","1",1,0,0
"1371",7,"IMG_2843","1",1,0,0
"1372",7,"IMG_2843","1",1,0,0
"1373",7,"IMG_2843","1",1,0,0
"1374",7,"IMG_2843","1",1,0,0
"1375",7,"IMG_2843","1",0,1,0
"1376",7,"IMG_2843","1",1,0,0
"1377",7,"IMG_2843","1",1,0,0
"1378",7,"IMG_2843","1",1,0,0
"1379",7,"IMG_2843","1",1,0,0
"1380",7,"IMG_2843","1",1,0,0
"1381",7,"IMG_2843","1",0,1,0
"1382",7,"IMG_2843","1",1,0,0
"1383",7,"IMG_2843","1",0,1,0
"1384",7,"IMG_2843","1",1,0,0
"1385",7,"IMG_2843","1",1,0,0
"1386",7,"IMG_2843","1",1,0,0
"1387",7,"IMG_2843","1",0,1,0
"1388",7,"IMG_2843","1",1,0,0
"1389",7,"IMG_2844","1",1,0,0
"1390",7,"IMG_2844","1",1,0,0
"1391",7,"IMG_2844","1",1,0,0
"1392",7,"IMG_2844","1",1,0,0
"1393",7,"IMG_2844","1",1,0,0
"1394",7,"IMG_2844","1",1,0,0
"1395",7,"IMG_2844","1",1,0,0
"1396",7,"IMG_2844","1",0,1,0
"1397",7,"IMG_2844","1",1,0,0
"1398",7,"IMG_2844","1",1,0,0
"1399",7,"IMG_2844","1",1,0,0
"1400",7,"IMG_2844","1",1,0,0
"1401",7,"IMG_2844","1",1,0,0
"1402",7,"IMG_2844","1",0,1,0
"1403",7,"IMG_2844","1",1,0,0
"1404",7,"IMG_2844","1",0,1,0
"1405",7,"IMG_2844","1",0,1,0
"1406",7,"IMG_2844","1",1,0,0
"1407",7,"IMG_2844","1",1,0,0
"1408",7,"IMG_2844","1",1,0,0
"1409",7,"IMG_2844","1",1,0,0
"1410",7,"IMG_2844","1",1,0,0
"1411",7,"IMG_2844","1",0,1,0
"1412",7,"IMG_2844","1",1,0,0
"1413",7,"IMG_2844","1",0,1,0
"1414",7,"IMG_2844","1",0,1,0
"1415",7,"IMG_2844","1",1,0,0
"1416",7,"IMG_2844","1",1,0,0
"1417",7,"IMG_2844","1",0,1,0
"1418",7,"IMG_2844","1",1,0,0
"1419",7,"IMG_2844","1",1,0,0
"1420",7,"IMG_2844","1",0,1,0
"1421",7,"IMG_2844","1",0,1,0
"1422",7,"IMG_2845","1",1,0,0
"1423",7,"IMG_2845","1",1,0,0
"1424",7,"IMG_2845","1",0,1,0
"1425",7,"IMG_2845","1",1,0,0
"1426",7,"IMG_2847","13",12,0,0
"1427",7,"IMG_2848","5",3,2,0
"1428",7,"IMG_2850","1",0,1,0
"1429",7,"IMG_2850","1",1,0,0
"1430",7,"IMG_2850","1",1,0,0
"1431",7,"IMG_2851","1",1,0,0
"1432",7,"IMG_2852","1",1,0,0
"1433",7,"IMG_2852","1",1,0,0
"1434",7,"IMG_2852","1",1,0,0
"1435",7,"IMG_2853","1",1,0,0
"1436",7,"IMG_2855","1",1,0,0
"1437",7,"IMG_2855","1",1,0,0
"1438",7,"IMG_2855","1",0,1,0
"1439",7,"IMG_2855","1",1,0,0
"1440",7,"IMG_2855","1",1,0,0
"1441",7,"IMG_2855","1",0,1,0
"1442",7,"IMG_2855","1",0,1,0
"1443",7,"IMG_2855","1",0,1,0
"1444",7,"IMG_2855","1",0,1,0
"1445",7,"IMG_2855","1",0,1,0
"1446",7,"IMG_2855","1",0,1,0
"1447",7,"IMG_2855","1",1,0,0
"1448",7,"IMG_2855","1",1,0,0
"1449",7,"IMG_2855","1",1,0,0
"1450",7,"IMG_2855","1",1,0,0
"1451",7,"IMG_2855","1",0,1,0
"1452",7,"IMG_2855","1",1,0,0
"1453",7,"IMG_2855","1",1,0,0
"1454",7,"IMG_2860","1",0,1,0
"1455",7,"IMG_2862","1",1,0,0
"1456",7,"IMG_2864","1",1,0,0
"1457",7,"IMG_2865","1",1,0,0
"1458",7,"IMG_2867","1",1,0,0
"1459",7,"IMG_2868","1",1,0,0
"1460",7,"IMG_2869","1",1,0,0
"1461",7,"IMG_2870","1",1,0,0
"1462",7,"IMG_2873","2",2,0,0
"1463",7,"IMG_2878","1",0,1,0
"1464",7,"IMG_2880","28",2,24,2
"1465",7,"IMG_2884","1",0,1,0
"1466",7,"IMG_2886","1",1,0,0
"1467",7,"IMG_2886","1",1,0,0
"1468",7,"IMG_2886","1",1,0,0
"1469",7,"IMG_2886","1",1,0,0
"1470",7,"IMG_2887","1",1,0,0
"1471",7,"IMG_2888","1",1,0,0
"1472",18,"IMG_6441","1",1,0,0
"1473",18,"IMG_6483","1",0,1,0
"1474",18,"IMG_6486","1",0,1,0
"1475",18,"IMG_6488","1",1,0,0
"1476",18,"IMG_6488","1",1,0,0
"1477",18,"IMG_6488","1",1,0,0
"1478",18,"IMG_6488","1",1,0,0
"1479",18,"IMG_6489","4",2,2,0
"1480",18,"IMG_6498","1",0,1,0
"1481",18,"IMG_6500","3",1,2,0
"1482",18,"IMG_6501","1",0,1,0
"1483",18,"IMG_6502","1",0,1,0
"1484",18,"IMG_6503","13",7,0,5
"1485",18,"IMG_6505","1",1,0,0
"1486",18,"IMG_6507","1",0,0,1
"1487",18,"IMG_6508","1",1,0,0
"1488",18,"IMG_6508","1",0,1,0
"1489",18,"IMG_6508","1",1,0,0
"1490",18,"IMG_6510","2",1,1,0
"1491",18,"IMG_6512","7",1,6,0
"1492",18,"IMG_6515","3",2,1,0
"1493",18,"IMG_6516","5",3,2,0
"1494",18,"IMG_6517","1",1,0,0
"1495",18,"IMG_6519","1",0,1,0
"1496",18,"IMG_6520","15",5,10,0
"1497",18,"IMG_6521","2",2,0,0
"1498",18,"IMG_6522","1",1,0,0
"1499",18,"IMG_6523","6",2,4,0
"1500",18,"IMG_6524","2",1,1,0
"1501",18,"IMG_6525","1",0,1,0
"1502",18,"IMG_6527","9",3,5,1
"1503",18,"IMG_6528","1",0,1,0
"1504",18,"IMG_6529","13",3,10,0
"1505",18,"IMG_6530","3",0,3,0
"1506",18,"IMG_6531","11",3,8,0
"1507",18,"ING_6532","3",0,3,0
"1508",18,"IMG_6533","2",0,1,1
"1509",18,"IMG_6534","7",6,1,0
"1510",18,"IMG_6535","4",3,1,0
"1511",18,"IMG_6539","9",3,6,0
"1512",18,"IMG_6540","7",2,5,0
"1513",18,"IMG_6541","7",2,5,0
"1514",18,"IMG_6543","7",1,6,0
"1515",18,"IMG_6544","2",0,2,0
"1516",18,"IMG_6546","4",1,3,0
"1517",18,"IMG_6547","3",2,1,0
"1518",18,"IMG_6548","1",0,1,0
"1519",18,"IMG_6550","1",1,0,0
"1520",18,"IMG_6550","1",0,1,0
"1521",18,"IMG_6550","1",0,1,0
"1522",18,"IMG_6551","1",0,1,0
"1523",18,"IMG_6553","1",0,1,0
"1524",18,"IMG_6553","1",1,0,0
"1525",18,"IMG_6554","2",0,1,1
"1526",18,"IMG_6555","1",0,1,0
"1527",18,"IMG_6557","1",0,1,0
"1528",18,"IMG_6557","1",0,1,0
"1529",18,"IMG_6557","1",0,1,0
"1530",18,"IMG_6557","1",0,1,0
"1531",18,"IMG_6557","1",0,1,0
"1532",18,"IMG_6557","1",0,1,0
"1533",18,"IMG_6557","1",0,1,0
"1534",18,"IMG_6557","1",0,1,0
"1535",18,"IMG_6557","1",0,1,0
"1536",18,"IMG_6557","1",0,1,0
"1537",18,"IMG_6557","1",0,1,0
"1538",18,"IMG_6558","1",1,0,0
"1539",18,"IMG_7287","1",0,1,0
"1540",18,"IMG_7287","1",1,0,0
"1541",18,"IMG_7287","1",0,1,0
"1542",18,"IMG_7287","1",0,1,0
"1543",18,"IMG_7287","1",0,1,0
"1544",18,"IMG_7287","1",1,0,0
"1545",18,"IMG_7287","1",1,0,0
"1546",18,"IMG_7287","1",1,0,0
"1547",18,"IMG_7287","1",0,1,0
"1548",18,"IMG_7287","1",0,1,0
"1549",18,"IMG_7287","1",0,1,0
"1550",18,"IMG_7287","1",0,1,0
"1551",18,"IMG_7287","1",0,1,0
"1552",18,"IMG_7892","1",1,0,0
"1553",18,"IMG_9738","1",1,0,0
"1554",18,"IMG_9738","1",1,0,0
"1555",18,"IMG_9738","1",1,0,0
"1556",18,"IMG_9738","1",1,0,0
"1557",18,"IMG_9738","1",0,1,0
"1558",8,"IMG_0409","1",1,0,0
"1559",8,"IMG_0410","1",1,0,0
"1560",19,"IMG_0080","1",0,1,0
"1561",19,"IMG_0121","1",1,0,0
"1562",19,"IMG_0162","1",1,0,0
"1563",19,"IMG_0497","4",0,4,0
"1564",19,"IMG_0559","1",1,0,0
"1565",19,"IMG_0878","2",2,0,0
"1566",19,"IMG_1183","1",1,0,0
"1567",19,"IMG_1485","1",1,0,0
"1568",19,"IMG_1640","1",1,0,0
"1569",19,"IMG_1640","10",0,0,10
"1570",19,"IMG_1640","1",1,0,0
"1571",19,"IMG_1640","1",1,0,0
"1572",19,"IMG_1640","1",1,0,0
"1573",19,"IMG_1738","1",0,1,0
"1574",19,"IMG_1926","1",1,0,0
"1575",19,"IMG_1926","1",0,1,0
"1576",19,"IMG_1926","1",0,1,0
"1577",19,"IMG_1926","1",1,0,0
"1578",19,"IMG_1926","2",1,1,0
"1579",19,"IMG_1935","1",1,0,0
"1580",19,"IMG_2173","1",0,1,0
"1581",19,"IMG_2286","1",1,0,0
"1582",19,"IMG_2376","1",0,1,0
"1583",19,"IMG_2382","3",3,0,0
"1584",19,"IMG_2518","1",0,1,0
"1585",19,"IMG_1719","1",0,1,0
"1586",19,"IMG_2534","1",0,1,0
"1587",19,"IMG_2331","3",0,3,0
"1588",19,"IMG_2335","15",0,0,15
"1589",19,"IMG_2519","4",0,4,0
"1590",19,"IMG_2904","2",1,1,0
"1591",19,"IMG_3001","1",1,0,0
"1592",19,"IMG_3130","1",0,1,0
"1593",19,"IMG_3154","2",2,0,0
"1594",19,"IMG_3156","1",1,0,0
"1595",19,"IMG_3515","1",1,0,0
"1596",19,"IMG_3527","3",3,0,0
"1597",19,"IMG_3847","1",1,0,0
"1598",19,"IMG_3871","1",1,0,0
"1599",19,"IMG_3935","3",2,1,0
"1600",19,"IMG_4367","18",12,6,0
"1601",19,"IMG_4885","1",1,0,0
"1602",19,"IMG_4959","2",2,0,0
"1603",19,"IMG_4987","1",0,1,0
"1604",19,"IMG_51862","2",0,2,0
"1605",19,"IMG_5202","1",0,1,0
"1606",19,"IMG_5216","14",0,0,0
"1607",19,"IMG_5381","1",0,1,0
"1608",19,"IMG_5394","1",0,1,0
"1609",19,"IMG_5394","1",0,1,0
"1610",19,"IMG_5492","1",0,1,0
"1611",19,"IMG_5565","1",1,0,0
"1612",19,"IMG_5947","1",0,1,0
"1613",19,"IMG_6262","9",0,9,0
"1614",19,"IMG_6381","13",0,0,0
"1615",19,"IMG_6500","1",0,1,0
"1616",19,"IMG_6510","1",1,0,0
"1617",19,"IMG_6571","1",1,0,0
"1618",19,"IMG_6639","1",1,0,0
"1619",19,"IMG_6902","1",0,1,0
"1620",19,"IMG_7236","1",1,0,0
"1621",19,"IMG_7291","6",1,0,0
"1622",19,"IMG_7291","6",0,1,0
"1623",19,"IMG_7291","6",1,0,0
"1624",19,"IMG_7291","6",0,1,0
"1625",19,"IMG_7291","6",1,0,0
"1626",19,"IMG_7291","6",0,1,0
"1627",19,"IMG_7386","10",0,0,0
"1628",19,"IMG_7650","1",1,0,0
"1629",19,"IMG_8104","1",1,0,0
"1630",19,"IMG_8184","2",2,0,0
"1631",19,"IMG_8335","2",0,1,0
"1632",19,"IMG_8335","2",1,0,0
"1633",19,"IMG_8419","1",1,0,0
"1634",19,"IMG_8671","3",1,0,0
"1635",19,"IMG_8671","3",0,1,0
"1636",19,"IMG_8671","3",0,1,0
"1637",19,"IMG_8889","1",1,0,0
"1638",19,"IMG_8919","3",3,0,0
"1639",19,"IMG_9087","1",1,0,0
"1640",19,"IMG_9298","1",0,1,0
"1641",19,"IMG_9607","1",1,0,0
"1642",19,"IMG_9704","21",0,0,0
"1643",19,"IMG_9737","18",0,0,0
"1644",19,"IMG_9833","3",3,0,0
"1645",20,"IMG_0049","18",0,0,18
"1646",20,"IMG_0253","1",1,0,0
"1647",20,"IMG_0253","1",2,0,0
"1648",20,"IMG_0358","2",2,0,0
"1649",20,"IMG_0503","2",0,2,0
"1650",20,"IMG_0659","5",4,1,0
"1651",20,"IMG_0674","5",5,0,0
"1652",20,"IMG_0775","4",2,2,0
"1653",20,"IMG_0804","3",3,0,0
"1654",20,"IMG_1052","1",1,0,0
"1655",20,"IMG_1080","1",1,0,0
"1656",20,"IMG_1129","7",3,1,0
"1657",20,"IMG_1129","7",2,1,0
"1658",20,"IMG_1205","1",1,0,0
"1659",20,"IMG_1428","2",2,0,0
"1660",20,"IMG_1588","6",6,0,0
"1661",20,"IMG_1646","1",1,0,0
"1662",20,"IMG_1671","5",5,0,0
"1663",20,"IMG_2057","1",1,0,0
"1664",20,"IMG_2099","1",1,0,0
"1665",20,"IMG_2134","1",1,0,0
"1666",20,"IMG_2135","1",1,0,0
"1667",20,"IMG_23132","1",1,0,0
"1668",20,"IMG_2318","2",1,1,0
"1669",20,"IMG_2334","8",8,0,0
"1670",20,"IMG_2355","1",1,0,0
"1671",20,"IMG_2448","20",14,6,0
"1672",20,"IMG_2448","2",2,0,0
"1673",20,"IMG_2765","3",3,0,0
"1674",20,"IMG_2780","1",1,0,0
"1675",20,"IMG_2927","1",1,0,0
"1676",20,"IMG_2941","1",1,0,0
"1677",20,"IMG_3183","1",1,0,0
"1678",20,"IMG_3291","2",2,0,0
"1679",20,"IMG_3473","3",2,1,0
"1680",20,"IMG_3488","1",1,0,0
"1681",20,"IMG_3647","1",1,0,0
"1682",20,"IMG_36712","2",2,0,0
"1683",20,"IMG_3767","2",2,0,0
"1684",20,"IMG_3818","1",1,0,0
"1685",20,"IMG_4178","2",1,1,0
"1686",20,"IMG_4213","2",1,0,0
"1687",20,"IMG_4213","2",1,0,0
"1688",20,"IMG_4320","4",2,2,0
"1689",20,"IMG_4413","4",3,1,0
"1690",20,"IMG_4529","4",3,1,0
"1691",20,"IMG_4579","3",3,0,0
"1692",20,"IMG_4666","1",1,0,0
"1693",20,"IMG_4820","1",1,0,0
"1694",20,"IMG_4969","6",6,0,0
"1695",20,"IMG_5010","1",1,0,0
"1696",20,"IMG_5178","13",0,0,0
"1697",20,"IMG_5290","1",1,0,0
"1698",20,"IMG_5490","3",3,0,0
"1699",20,"IMG_5500","1",1,0,0
"1700",20,"IMG_5581","6",6,0,0
"1701",20,"IMG_5731","2",1,1,0
"1702",20,"IMG_6206","12",0,0,0
"1703",20,"IMG_6286","5",3,0,0
"1704",20,"IMG_6286","5",3,0,0
"1705",20,"IMG_6337","3",0,0,0
"1706",20,"IMG_6482","1",1,0,0
"1707",20,"IMG_6491","1",1,0,0
"1708",20,"IMG_6543","1",1,0,0
"1709",20,"IMG_6572","2",2,0,0
"1710",20,"IMG_6572","4",4,0,0
"1711",20,"IMG_6592","33",17,15,0
"1712",20,"IMG_6620","1",1,0,0
"1713",20,"IMG_6654","10",10,0,0
"1714",20,"IMG_6753","2",2,0,0
"1715",20,"IMG_7016","3",3,0,0
"1716",20,"IMG_7121","2",0,2,0
"1717",20,"IMG_7153","2",2,0,0
"1718",20,"IMG_7334","1",1,0,0
"1719",20,"IMG_7402","~39 (that can be made out",19,11,0
"1720",20,"IMG_7563","2",2,0,0
"1721",20,"IMG_7690","2",1,1,0
"1722",20,"IMG_7739","1",1,0,0
"1723",20,"IMG_7739","2",1,1,0
"1724",20,"IMG_7739","2",1,1,0
"1725",20,"IMG_7739","1",1,0,0
"1726",20,"IMG_7757","6",5,1,0
"1727",20,"IMG_7766","1",1,0,0
"1728",20,"IMG_7766","2",2,0,0
"1729",20,"IMG_8238","5",3,2,0
"1730",20,"IMG_8253","1",1,0,0
"1731",20,"IMG_8316","1",0,1,0
"1732",20,"IMG_8368","1",1,0,0
"1733",20,"IMG_8660","5",5,0,0
"1734",20,"IMG_8712","2",2,0,0
"1735",20,"IMG_8742","2",2,0,0
"1736",20,"IMG_8843","3",3,0,0
"1737",20,"IMG_8868","1",0,1,0
"1738",20,"IMG_9027","1",1,0,0
"1739",20,"IMG_9030","1",0,1,0
"1740",20,"IMG_9171","3",3,0,0
"1741",20,"IMG_9374","4",4,0,0
"1742",20,"IMG_9380","4",0,4,0
"1743",20,"IMG_9442","4",4,0,0
"1744",20,"IMG_9568","2",2,0,0
"1745",20,"IMG_9595","6",6,0,0
"1746",20,"IMG_9805","~18",10,8,0
"1747",20,"IMG_9936","3",3,0,0
"1748",20,"IMG_9971","4",1,3,0
"1749",26,"IMG_2180","1",0,1,0
"1750",26,"IMG_2181","1",1,0,0
"1751",26,"IMG_2181","1",0,1,0
"1752",26,"IMG_2182","1",1,0,0
"1753",26,"IMG_2183","1",1,0,0
"1754",26,"IMG_2189","1",1,0,0
"1755",26,"IMG_2189","1",1,0,0
"1756",26,"IMG_2189","1",1,0,0
"1757",26,"IMG_2189","1",1,0,0
"1758",26,"IMG_2189","1",1,0,0
"1759",26,"IMG_2189","1",1,0,0
"1760",26,"IMG_2189","1",0,1,0
"1761",26,"IMG_2189","1",0,1,0
"1762",26,"IMG_2189","1",1,0,0
"1763",26,"IMG_2189","1",1,0,0
"1764",26,"IMG_2189","1",1,0,0
"1765",26,"IMG_2189","1",1,0,0
"1766",26,"IMG_2189","1",0,1,0
"1767",26,"IMG_2189","1",1,0,0
"1768",26,"IMG_2189","1",0,1,0
"1769",26,"IMG_2189","1",1,0,0
"1770",26,"IMG_2194","1",1,0,0
"1771",26,"IMG_2207","1",0,1,0
"1772",26,"IMG_2209","1",1,0,0
"1773",26,"IMG_2217","1",0,1,0
"1774",26,"IMG_2218","1",0,1,0
"1775",26,"IMG_2218","1",0,1,0
"1776",26,"IMG_2218","1",0,1,0
"1777",26,"IMG_2219","1",1,0,0
"1778",26,"IMG_2243","1",0,1,0
"1779",9,"IMG_6208","1",1,0,0
"1780",9,"IMG_6209","1",1,0,0
"1781",9,"IMG_6274","1",1,0,0
"1782",9,"IMG_6274","1",0,1,0
"1783",9,"IMG_6274","1",0,1,0
"1784",9,"IMG_6274","3",1,2,0
"1785",9,"IMG_6275","1",0,1,0
"1786",9,"IMG_6275","2",2,0,0
"1787",9,"IMG_6275","1",1,0,0
"1788",9,"IMG_6275","1",1,0,0
"1789",9,"IMG_6275","1",1,0,0
"1790",9,"IMG_6278","10",5,4,0
"1791",9,"IMG_6278","1",0,1,0
"1792",9,"IMG_6278","1",0,0,1
"1793",9,"IMG_6278","1",1,0,0
"1794",9,"IMG_6280","2",1,1,0
"1795",9,"IMG_6280","1",1,0,0
"1796",9,"IMG_6280","1",1,0,0
"1797",9,"IMG_6281","11",5,5,0
"1798",9,"IMG_6284","1",1,0,0
"1799",21,"IMG_2903","1",1,0,0
"1800",21,"IMG_2904","1",0,1,0
"1801",21,"IMG_2907","2",2,0,0
"1802",21,"IMG_2909","3",3,0,0
"1803",21,"IMG_2910","16",15,1,0
"1804",21,"IMG_2911","3",3,0,0
"1805",21,"IMG_2911","2",2,0,0
"1806",21,"IMG_2912","12",11,0,0
"1807",21,"IMG_2933","1",1,0,0
"1808",21,"IMG_2936","1",1,0,0
"1809",21,"IMG_2947","2",2,0,0
"1810",21,"IMG_2951","1",1,0,0
"1811",21,"IMG_2953","5",4,1,0
"1812",21,"IMG_2955","6",4,2,0
"1813",21,"IMG_2959","5",4,1,0
"1814",21,"IMG_2962","1",1,0,0
"1815",21,"IMG_2963","2",2,0,0
"1816",21,"IMG_2964","6",1,5,0
"1817",21,"IMG_2964","4",1,3,0
"1818",21,"IMG_2965","4",1,3,0
"1819",21,"IMG_2966","12",3,0,0
"1820",21,"IMG_2969","3",0,3,0
"1821",21,"IMG_2970","2",2,0,0
"1822",21,"IMG_2971","2",2,0,0
"1823",21,"IMG_2973","1",1,0,0
"1824",21,"IMG_2974","1",1,0,0
"1825",21,"IMG_2975","4",4,0,0
"1826",21,"IMG_2978","1",1,0,0
"1827",11,"IMG_2661","1",0,1,0
"1828",11,"IMG_2661","1",1,0,0
"1829",11,"IMG_2662","1",1,0,0
"1830",11,"IMG_2664","1",0,1,0
"1831",11,"IMG_2664","1",1,0,0
"1832",11,"IMG_2666","7",7,0,0
"1833",11,"IMG_2667","1",1,0,0
"1834",11,"IMG_2667","1",0,1,0
"1835",11,"IMG_2674","2",2,0,0
"1836",11,"IMG_2674","1",1,0,0
"1837",11,"IMG_2674","1",1,0,0
"1838",11,"IMG_2675","3",3,0,0
"1839",11,"IMG_2675","3",2,1,0
"1840",11,"IMG_2675","1",1,0,0
"1841",11,"IMG_2676","1",1,0,0
"1842",11,"IMG_2677","2",2,0,0
"1843",11,"IMG_2677","2",1,1,0
"1844",11,"IMG_2677","14",8,0,0
"1845",11,"IMG_2677","2",1,1,0
"1846",11,"IMG_2678","1",1,0,0
"1847",11,"IMG_2679","3",1,2,0
"1848",11,"IMG_2680","1",0,1,0
"1849",11,"IMG_2680","1",1,0,0
"1850",11,"IMG_2681","1",1,0,0
"1851",11,"IMG_2681","1",1,0,0
"1852",11,"IMG_2682","2",1,1,0
"1853",11,"IMG_2682","2",1,1,0
"1854",11,"IMG_2682","2",1,1,0
"1855",11,"IMG_2683","11",7,4,0
"1856",11,"IMG_2684","12",10,2,0
"1857",11,"IMG_2685","5",4,1,0
"1858",11,"IMG_2693","5",3,2,0
"1859",11,"IMG_2694","2",1,1,0
"1860",11,"IMG_2699","1",0,1,0
"1861",11,"IMG_2699","1",1,0,0
"1862",11,"IMG_2699","1",0,1,0
"1863",11,"IMG_2700","1",1,0,0
"1864",11,"IMG_2702","1",1,0,0
"1865",11,"IMG_2703","2",1,1,0
"1866",11,"IMG_2704","2",1,1,0
"1867",11,"IMG_2706","1",0,1,0
"1868",11,"IMG_2706","1",1,0,0
"1869",11,"IMG_2706","1",1,0,0
"1870",11,"IMG_2706","1",1,0,0
"1871",11,"IMG_2706","1",1,0,0
"1872",11,"IMG_2706","1",1,0,0
"1873",11,"IMG_2706","1",1,0,0
"1874",11,"IMG_2706","1",1,0,0
"1875",11,"IMG_2706","1",1,0,0
"1876",11,"IMG_2706","1",1,0,0
"1877",11,"IMG_2708","1",1,0,0
"1878",11,"IMG_2708","1",1,0,0
"1879",11,"IMG_2708","1",0,1,0
"1880",11,"IMG_2708","1",1,0,0
"1881",11,"IMG_2708","1",1,0,0
"1882",11,"IMG_2711","1",1,0,0
"1883",11,"IMG_2719","1",1,0,0
"1884",11,"IMG_2729","3",1,2,0
"1885",11,"IMG_2729","1",0,1,0
"1886",11,"IMG_2729","1",1,0,0
"1887",11,"IMG_2730","2",1,1,0
"1888",11,"IMG_2731","3",2,1,0
"1889",11,"IMG_2731","1",0,1,0
"1890",11,"IMG_2731","3",3,0,0
"1891",11,"IMG_2731","2",1,1,0
"1892",11,"IMG_2733","1",1,0,0
"1893",11,"IMG_2733","1",1,0,0
"1894",11,"IMG_2733","1",1,0,0
"1895",11,"IMG_2733","1",1,0,0
"1896",11,"IMG_2733","1",1,0,0
"1897",11,"IMG_2742","1",0,1,0
"1898",10,"IMG_4172","1",1,0,0
"1899",10,"IMG_4172","1",1,0,0
"1900",10,"IMG_4172","1",1,0,0
"1901",10,"IMG_4172","1",0,1,0
"1902",10,"IMG_4172","1",0,1,0
"1903",10,"IMG_4172","1",1,0,0
"1904",10,"IMG_4172","1",1,0,0
"1905",10,"IMG_4172","1",1,0,0
"1906",10,"IMG_4172","1",1,0,0
"1907",10,"IMG_4172","1",1,0,0
"1908",10,"IMG_4172","1",1,0,0
"1909",10,"IMG_4172","1",1,0,0
"1910",10,"IMG_4172","1",0,1,0
"1911",10,"IMG_4172","1",1,0,0
"1912",10,"IMG_4172","1",0,1,0
"1913",10,"IMG_4172","1",1,0,0
"1914",10,"IMG_4174","1",0,1,0
"1915",10,"IMG_4177","1",1,0,0
"1916",10,"IMG_4184","4",2,2,0
"1917",10,"IMG_4194","1",0,1,0
"1918",10,"IMG_4194","1",0,1,0
"1919",10,"IMG_4194","1",0,1,0
"1920",10,"IMG_4202","2",1,1,0
"1921",10,"IMG_4208","1",0,1,0
"1922",10,"IMG_4208","1",1,0,0
"1923",10,"IMG_4208","1",0,1,0
"1924",10,"IMG_4208","1",1,0,0
"1925",10,"IMG_4208","1",0,1,0
"1926",10,"IMG_4216","1",0,1,0
"1927",10,"IMG_4216","4",1,3,0
"1928",10,"IMG_4216","21",0,0,21
"1929",10,"IMG_4218","12",5,7,0
"1930",10,"IMG_4219","1",1,0,0
"1931",22,"IMG_3246","1",0,1,0
"1932",22,"IMG_3253","4",0,4,0
"1933",22,"IMG_3264","1",0,1,0
"1934",22,"IMG_3267","2",0,1,1
"1935",22,"IMG_3267","1",0,1,0
"1936",22,"IMG_3267","1",0,1,0
"1937",22,"IMG_3268","1",0,0,1
"1938",22,"IMG_3268","1",0,1,0
"1939",22,"IMG_3268","1",0,0,1
"1940",22,"IMG_3269","1",1,0,0
"1941",22,"IMG_3269","1",0,1,0
"1942",22,"IMG_3269","1",0,1,0
"1943",22,"IMG_3269","1",0,0,1
"1944",22,"IMG_3272","5",2,3,0
"1945",22,"IMG_3275","6",4,2,0
"1946",22,"IMG_3301","1",0,0,1
"1947",22,"IMG_3301","1",0,0,1
"1948",22,"IMG_3301","1",0,1,0
"1949",22,"IMG_3303","1",0,0,1
"1950",22,"IMG_3304","2",0,1,1
"1951",22,"IMG_3305","1",1,0,0
"1952",22,"IMG_3316","7",6,1,0
"1953",23,"IMG_0253","1",1,0,0
"1954",23,"IMG_0255","2",1,1,0
"1955",23,"IMG_0256","3",1,2,0
"1956",23,"IMG_0268","2",1,1,0
"1957",23,"IMG_0272","1",0,1,0
"1958",23,"IMG_0281","1",1,0,0
"1959",23,"IMG_0283","1",1,0,0
"1960",23,"IMG_0287","1",1,0,0
"1961",23,"IMG_0289","2",0,2,0
"1962",23,"IMG_0293","1",1,0,0
"1963",23,"IMG_0309","1",0,1,0
"1964",23,"IMG_0318","1",0,1,0
"1965",23,"IMG_0319","1",1,0,0
"1966",23,"IMG_0320","1",0,1,0
"1967",23,"IMG_0331","1",0,1,0
"1968",23,"IMG_0341","1",1,0,0
"1969",23,"IMG_0341","1",1,0,0
"1970",23,"IMG_0345","1",1,0,0
"1971",23,"IMG_0348","1",1,0,0
"1972",23,"IMG_0384","1",1,0,0
"1973",23,"IMG_0407","1",1,0,0
"1974",12,"IMG_4252","2",2,0,0
"1975",12,"IMG_4258","2",2,0,0
"1976",12,"IMG_4259","2",2,0,0
"1977",12,"IMG_4260","3",3,0,0
"1978",12,"IMG_4261","10",9,0,0
"1979",12,"IMG_4263","2",2,0,0
"1980",12,"IMG_4264","2",2,0,0
"1981",12,"IMG_4265","2",2,0,0
"1982",12,"IMG_4267","6",1,5,0
"1983",12,"IMG_4267","4",2,1,1
"1984",12,"IMG_4268","4",3,1,0
"1985",12,"IMG_4268","6",6,0,0
"1986",12,"IMG_4317","1",0,1,0
"1987",12,"IMG_4317","1",1,0,0
"1988",12,"IMG_4320","10",0,3,0
"1989",12,"IMG_4324","44",14,7,23
"1990",12,"IMG_4329","1",1,0,0
"1991",12,"IMG_4329","1",0,1,0
"1992",12,"IMG_4329","1",1,0,0
"1993",12,"IMG_4330","1",1,0,0
"1994",12,"IMG_4330","1",0,1,0
"1995",12,"IMG_4330","1",1,0,0
"1996",12,"IMG_4331","1",1,0,0
"1997",12,"IMG_4331","1",1,0,0
"1998",12,"IMG_4331","1",1,0,0
"1999",12,"IMG_4333","1",1,0,0
"2000",12,"IMG_4333","1",1,0,0
"2001",12,"IMG_4333","1",1,0,0
"2002",12,"IMG_4333","1",0,1,0
"2003",12,"IMG_4333","1",1,0,0
"2004",12,"IMG_4333","1",1,0,0
"2005",12,"IMG_4333","1",1,0,0
"2006",12,"IMG_4334","4",2,2,0
"2007",12,"IMG_4334","2",0,2,0
"2008",12,"IMG_4336","1",1,0,0
"2009",12,"IMG_4336","1",2,0,0
"2010",12,"IMG_4336","1",0,0,1
"2011",12,"IMG_4338","1",0,1,0
"2012",12,"IMG_4351","29",14,6,9
"2013",12,"IMG_4351","2",1,1,0
"2014",12,"IMG_4351","1",1,0,0
"2015",12,"IMG_4351","4",3,1,0
"2016",24,"IMG_0010","1",0,1,0
"2017",24,"IMG_0010","1",1,0,0
"2018",24,"IMG_0010","1",1,0,0
"2019",24,"IMG_0010","1",1,0,0
"2020",24,"IMG_0003","5",2,3,0
"2021",24,"IMG_0008","1",0,1,0
"2022",24,"IMG_0008","1",0,1,0
"2023",24,"IMG_0008","1",0,1,0
"2024",24,"IMG_0001","1",1,0,0
"2025",24,"IMG_0003","1",0,1,0
"2026",24,"IMG_0005","1",1,0,0
"2027",24,"IMG_0005","1",1,0,0
"2028",24,"IMG_0005","1",1,0,0
"2029",24,"IMG_0005","1",1,0,0
"2030",24,"IMG_0005","1",1,0,0
"2031",24,"IMG_0005","1",1,0,0
"2032",24,"IMG_0005","1",1,0,0
"2033",24,"IMG_0005","1",0,1,0
"2034",24,"IMG_0005","1",1,0,0
"2035",24,"IMG_0005","1",1,0,0
"2036",24,"IMG_0005","1",1,0,0
"2037",24,"IMG_0005","1",0,1,0
"2038",24,"IMG_0005","1",1,0,0
"2039",24,"IMG_0005","1",1,0,0
"2040",24,"IMG_0005","1",1,0,0
"2041",24,"IMG_0005","1",1,0,0
"2042",24,"IMG_0005","1",0,1,0
"2043",24,"IMG_0005","1",0,1,0
"2044",24,"IMG_0005","1",1,0,0
"2045",24,"IMG_0005","1",1,0,0
"2046",24,"IMG_0005","1",1,0,0
"2047",24,"IMG_0006","1",0,1,0
"2048",24,"IMG_0007","1",0,1,0
"2049",24,"IMG_0007","2",2,2,0
"2050",24,"IMG_0007","3",0,3,0
"2051",24,"IMG_0021","1",0,1,0
"2052",24,"IMG_0021","1",0,1,0
"2053",24,"IMG_0021","1",0,1,0
"2054",24,"IMG_0024","1",0,1,0
"2055",24,"IMG_0024","1",1,0,0
"2056",24,"IMG_0024","1",0,1,0
"2057",3,"IMG_0633","3",0,3,0
"2058",3,"IMG_0633","5",4,0,1
"2059",3,"IMG_0633","1",0,1,0
"2060",3,"IMG_0739","1",0,1,0
"2061",3,"IMG_0739","1",0,1,0
"2062",3,"IMG_0739","1",1,0,0
"2063",3,"IMG_1460","1",1,0,0
"2064",3,"IMG_1760","1",1,0,0
"2065",3,"IMG_1901","1",1,0,0
"2066",3,"IMG_1976","1",0,1,0
"2067",3,"IMG_2841","12",3,7,2
"2068",3,"IMG_2969","1",1,0,0
"2069",3,"IMG_2970","1",0,1,0
"2070",3,"IMG_2971","1",0,1,0
"2071",3,"IMG_2971","1",0,1,0
"2072",3,"IMG_2971","1",1,0,0
"2073",3,"IMG_2978","11",8,3,0
"2074",3,"IMG_2980","5",4,1,0
"2075",3,"IMG_2982","8",7,1,0
"2076",3,"IMG_2983","1",1,0,0
"2077",3,"IMG_2984","1",0,1,0
"2078",3,"IMG_2985","10",0,0,10
"2079",3,"IMG_2986","3",0,1,0
"2080",3,"IMG_2986","3",0,1,0
"2081",3,"IMG_2986","3",1,0,0
"2082",3,"IMG_2989","1",0,1,0
"2083",3,"IMG_2990","1",0,0,1
"2084",3,"IMG_2991","1",1,0,0
"2085",3,"IMG_2992","1",1,0,0
"2086",3,"IMG_2993","1",0,1,0
"2087",3,"IMG_2994","2",0,2,0
"2088",3,"IMG_2995","2",2,0,0
"2089",3,"IMG_2996","6",5,1,0
"2090",3,"IMG_2996","1",0,1,0
"2091",3,"IMG_2997","2",2,0,0
"2092",3,"IMG_2998","1",0,1,0
"2093",3,"IMG_2998","4",0,3,1
"2094",3,"IMG_2998","2",0,0,2
"2095",3,"IMG_2999","10",0,0,4
"2096",3,"IMG_3002","6",0,0,6
"2097",3,"IMG_3002","4",0,1,3
"2098",3,"IMG_3002","3",0,0,3
"2099",3,"IMG_3003","16",3,9,4
"2100",3,"IMG_3004","22",16,6,0
"2101",3,"IMG_3005","1",1,0,0
"2102",3,"IMG_3006","2",0,2,0
"2103",3,"IMG_3007","1",0,1,0
"2104",3,"IMG_3008","1",0,1,0
"2105",3,"IMG_3009","1",1,0,0
"2106",3,"IMG_3012","6",1,1,0
"2107",3,"IMG_3012","6",0,0,1
"2108",3,"IMG_3012","6",0,0,1
"2109",3,"IMG_3012","6",1,1,0
"2110",3,"IMG_3013","1",1,0,0
"2111",3,"IMG_3013","2",2,0,0
"2112",3,"IMG_3013","1",0,1,0
"2113",3,"IMG_3013","1",1,0,0
"2114",3,"IMG_3013","1",1,0,0
"2115",3,"IMG_3013","1",1,0,0
"2116",3,"IMG_3015","1",1,0,0
"2117",3,"IMG_3017","1",0,1,0
"2118",3,"IMG_3018","1",0,1,0
"2119",3,"IMG_3019","1",1,0,0
"2120",3,"IMG_3020","2",2,0,0
"2121",3,"IMG_3021","1",1,0,0
"2122",3,"IMG_3022","2",1,1,0
"2123",3,"IMG_3023","1",1,0,0
"2124",3,"IMG_3028","1",1,0,0
"2125",3,"IMG_3030","12",7,5,0
"2126",3,"IMG_3031","1",0,1,0
"2127",3,"IMG_3032","1",1,0,0
"2128",3,"IMG_3034","1",1,0,0
"2129",3,"IMG_3035","1",0,1,0
"2130",3,"IMG_3038","1",1,0,0
"2131",3,"IMG_3049","1",0,1,0
"2132",3,"IMG_3052","2",1,1,0
"2133",3,"IMG_3053","5",4,1,0
"2134",3,"IMG_3059","1",0,1,0
"2135",3,"IMG_2060","1",1,0,0
"2136",3,"IMG_2060","1",1,0,0
"2137",3,"IMG_2060","1",0,1,0
"2138",3,"IMG_2060","1",1,0,0
"2139",3,"IMG_2060","1",0,1,0
"2140",3,"IMG_2060","1",1,0,0
"2141",3,"IMG_3123","1",1,0,0
"2142",3,"IMG_3127","1",1,0,0
"2143",3,"IMG_3135","9",5,4,0
"2144",3,"IMG_3136","1",0,1,0
"2145",3,"IMG_3137","1",0,1,0
"2146",3,"IMG_3138","1",1,0,0
"2147",3,"IMG_3139","8",6,2,0
"2148",3,"IMG_3140","8",5,3,0
"2149",3,"IMG_3145","8",7,1,0
"2150",3,"IMG_3152","1",0,1,0
"2151",3,"IMG_3444","1",1,0,0
"2152",3,"IMG_3653","1",0,1,0
"2153",3,"IMG_6237","1",0,1,0
"2154",3,"IMG_6529","1",0,1,0
"2155",3,"IMG_6864","1",0,1,0
"2156",3,"IMG_7234","1",0,1,0
"2157",3,"IMG_7584","1",0,1,0
"2158",3,"IMG_8469","1",0,0,1
"2159",3,"IMG_8469","1",0,1,0
"2160",3,"IMG_9609","1",1,0,0
"2161",3,"IMG_9631","1",0,1,0
"2162",3,"IMG_9711","1",0,1,0
